Type,SKU,Name,Slug,Published,Is featured?,Visibility in catalog,Short description,Description,Tax status,In stock?,Stock,Regular price,Categories,Tags,Images,meta:_yoast_wpseo_focuskw,meta:_yoast_wpseo_title,meta:_yoast_wpseo_metadesc,meta:_yoast_wpseo_metakeywords,Attribute 1 name,Attribute 1 value(s),Attribute 1 visible,Attribute 1 global,Attribute 2 name,Attribute 2 value(s),Attribute 2 visible,Attribute 2 global,Attribute 3 name,Attribute 3 value(s),Attribute 3 visible,Attribute 3 global
simple,COC-100x200,Çocuk Balkon Filesi 1x2 m,cocuk-balkon-filesi-1x2,1,0,visible,"Çocuk Balkon Filesi 1x2 m, çocukların açık alanlarda düşme riskini azaltmak için tercih edilen koruma ağıdır. Teknik yapı: 4mm · 5×5 (Aparat Dahil). Renk: Beyaz.","Çocuk Balkon Filesi 1x2 m, çocukların açık alanlarda düşme riskini azaltmak için tercih edilen koruma ağıdır.

Ürün Özellikleri
• Ölçü: 1x2 m
• Teknik yapı: 4mm · 5×5 (Aparat Dahil)
• Renk: Beyaz
• Hazır kesim ürün
• Kullanıma uygun alanlar: balkon, pencere, teras, merdiven boşluğu gibi koruma gereken bölgeler

Kullanım Alanları
• balkon güvenliği
• pencere koruması
• merdiven boşluğu

Fiyat Bilgisi
• Alan: 2.00 m²
• Birim fiyat: 100.00 TL/m²
• Ürün fiyatı: 200.00 TL
",taxable,1,500,200.00,File Ürünleri > Çocuk Filesi,"çocuk balkon filesi, 1x2 m, çocuk güvenlik filesi, beyaz, güvenlik ağı, 4mm · 5×5 (aparat dahil)",https://i.hizliresim.com/487ea0g.jpg,çocuk güvenlik filesi,Çocuk Balkon Filesi 1x2 m | Güvenlik Ağı,"Çocuk Balkon Filesi 1x2 m ürün, çocukların açık alanlarda düşme riskini azaltmak için tercih edilen koruma ağıdır. 4mm · 5×5 (Aparat Dahil) teknik yapısı ve h","çocuk balkon filesi, 1x2 m, güvenlik ağı, beyaz, hazır ölçü file",Ölçü,1x2 m,1,0,Teknik Özellik,4mm · 5×5 (Aparat Dahil),1,0,Renk,Beyaz,1,0
simple,COC-150x200,"Çocuk Balkon Filesi 1,5x2 m",cocuk-balkon-filesi-1-5x2,1,0,visible,"Çocuk Balkon Filesi 1,5x2 m, çocukların açık alanlarda düşme riskini azaltmak için tercih edilen koruma ağıdır. Teknik yapı: 4mm · 5×5 (Aparat Dahil). Renk: Beyaz.","Çocuk Balkon Filesi 1,5x2 m, çocukların açık alanlarda düşme riskini azaltmak için tercih edilen koruma ağıdır.

Ürün Özellikleri
• Ölçü: 1,5x2 m
• Teknik yapı: 4mm · 5×5 (Aparat Dahil)
• Renk: Beyaz
• Hazır kesim ürün
• Kullanıma uygun alanlar: balkon, pencere, teras, merdiven boşluğu gibi koruma gereken bölgeler

Kullanım Alanları
• balkon güvenliği
• pencere koruması
• merdiven boşluğu

Fiyat Bilgisi
• Alan: 3.00 m²
• Birim fiyat: 100.00 TL/m²
• Ürün fiyatı: 300.00 TL
",taxable,1,500,300.00,File Ürünleri > Çocuk Filesi,"çocuk balkon filesi, 1,5x2 m, çocuk güvenlik filesi, beyaz, güvenlik ağı, 4mm · 5×5 (aparat dahil)",https://i.hizliresim.com/487ea0g.jpg,çocuk güvenlik filesi,"Çocuk Balkon Filesi 1,5x2 m | Güvenlik Ağı","Çocuk Balkon Filesi 1,5x2 m ürün, çocukların açık alanlarda düşme riskini azaltmak için tercih edilen koruma ağıdır. 4mm · 5×5 (Aparat Dahil) teknik yapısı ve","çocuk balkon filesi, 1,5x2 m, güvenlik ağı, beyaz, hazır ölçü file",Ölçü,"1,5x2 m",1,0,Teknik Özellik,4mm · 5×5 (Aparat Dahil),1,0,Renk,Beyaz,1,0
simple,COC-200x200,Çocuk Balkon Filesi 2x2 m,cocuk-balkon-filesi-2x2,1,0,visible,"Çocuk Balkon Filesi 2x2 m, çocukların açık alanlarda düşme riskini azaltmak için tercih edilen koruma ağıdır. Teknik yapı: 4mm · 5×5 (Aparat Dahil). Renk: Beyaz.","Çocuk Balkon Filesi 2x2 m, çocukların açık alanlarda düşme riskini azaltmak için tercih edilen koruma ağıdır.

Ürün Özellikleri
• Ölçü: 2x2 m
• Teknik yapı: 4mm · 5×5 (Aparat Dahil)
• Renk: Beyaz
• Hazır kesim ürün
• Kullanıma uygun alanlar: balkon, pencere, teras, merdiven boşluğu gibi koruma gereken bölgeler

Kullanım Alanları
• balkon güvenliği
• pencere koruması
• merdiven boşluğu

Fiyat Bilgisi
• Alan: 4.00 m²
• Birim fiyat: 100.00 TL/m²
• Ürün fiyatı: 400.00 TL
",taxable,1,500,400.00,File Ürünleri > Çocuk Filesi,"çocuk balkon filesi, 2x2 m, çocuk güvenlik filesi, beyaz, güvenlik ağı, 4mm · 5×5 (aparat dahil)",https://i.hizliresim.com/487ea0g.jpg,çocuk güvenlik filesi,Çocuk Balkon Filesi 2x2 m | Güvenlik Ağı,"Çocuk Balkon Filesi 2x2 m ürün, çocukların açık alanlarda düşme riskini azaltmak için tercih edilen koruma ağıdır. 4mm · 5×5 (Aparat Dahil) teknik yapısı ve h","çocuk balkon filesi, 2x2 m, güvenlik ağı, beyaz, hazır ölçü file",Ölçü,2x2 m,1,0,Teknik Özellik,4mm · 5×5 (Aparat Dahil),1,0,Renk,Beyaz,1,0
simple,COC-200x300,Çocuk Balkon Filesi 2x3 m,cocuk-balkon-filesi-2x3,1,0,visible,"Çocuk Balkon Filesi 2x3 m, çocukların açık alanlarda düşme riskini azaltmak için tercih edilen koruma ağıdır. Teknik yapı: 4mm · 5×5 (Aparat Dahil). Renk: Beyaz.","Çocuk Balkon Filesi 2x3 m, çocukların açık alanlarda düşme riskini azaltmak için tercih edilen koruma ağıdır.

Ürün Özellikleri
• Ölçü: 2x3 m
• Teknik yapı: 4mm · 5×5 (Aparat Dahil)
• Renk: Beyaz
• Hazır kesim ürün
• Kullanıma uygun alanlar: balkon, pencere, teras, merdiven boşluğu gibi koruma gereken bölgeler

Kullanım Alanları
• balkon güvenliği
• pencere koruması
• merdiven boşluğu

Fiyat Bilgisi
• Alan: 6.00 m²
• Birim fiyat: 100.00 TL/m²
• Ürün fiyatı: 600.00 TL
",taxable,1,500,600.00,File Ürünleri > Çocuk Filesi,"çocuk balkon filesi, 2x3 m, çocuk güvenlik filesi, beyaz, güvenlik ağı, 4mm · 5×5 (aparat dahil)",https://i.hizliresim.com/487ea0g.jpg,çocuk güvenlik filesi,Çocuk Balkon Filesi 2x3 m | Güvenlik Ağı,"Çocuk Balkon Filesi 2x3 m ürün, çocukların açık alanlarda düşme riskini azaltmak için tercih edilen koruma ağıdır. 4mm · 5×5 (Aparat Dahil) teknik yapısı ve h","çocuk balkon filesi, 2x3 m, güvenlik ağı, beyaz, hazır ölçü file",Ölçü,2x3 m,1,0,Teknik Özellik,4mm · 5×5 (Aparat Dahil),1,0,Renk,Beyaz,1,0
simple,COC-200x400,Çocuk Balkon Filesi 2x4 m,cocuk-balkon-filesi-2x4,1,0,visible,"Çocuk Balkon Filesi 2x4 m, çocukların açık alanlarda düşme riskini azaltmak için tercih edilen koruma ağıdır. Teknik yapı: 4mm · 5×5 (Aparat Dahil). Renk: Beyaz.","Çocuk Balkon Filesi 2x4 m, çocukların açık alanlarda düşme riskini azaltmak için tercih edilen koruma ağıdır.

Ürün Özellikleri
• Ölçü: 2x4 m
• Teknik yapı: 4mm · 5×5 (Aparat Dahil)
• Renk: Beyaz
• Hazır kesim ürün
• Kullanıma uygun alanlar: balkon, pencere, teras, merdiven boşluğu gibi koruma gereken bölgeler

Kullanım Alanları
• balkon güvenliği
• pencere koruması
• merdiven boşluğu

Fiyat Bilgisi
• Alan: 8.00 m²
• Birim fiyat: 100.00 TL/m²
• Ürün fiyatı: 800.00 TL
",taxable,1,500,800.00,File Ürünleri > Çocuk Filesi,"çocuk balkon filesi, 2x4 m, çocuk güvenlik filesi, beyaz, güvenlik ağı, 4mm · 5×5 (aparat dahil)",https://i.hizliresim.com/487ea0g.jpg,çocuk güvenlik filesi,Çocuk Balkon Filesi 2x4 m | Güvenlik Ağı,"Çocuk Balkon Filesi 2x4 m ürün, çocukların açık alanlarda düşme riskini azaltmak için tercih edilen koruma ağıdır. 4mm · 5×5 (Aparat Dahil) teknik yapısı ve h","çocuk balkon filesi, 2x4 m, güvenlik ağı, beyaz, hazır ölçü file",Ölçü,2x4 m,1,0,Teknik Özellik,4mm · 5×5 (Aparat Dahil),1,0,Renk,Beyaz,1,0
simple,COC-OZEL,Çocuk Balkon Filesi Özel Ölçü,cocuk-balkon-filesi-ozel-olcu,1,0,visible,Çocuk Balkon Filesi özel ölçü sipariş ürünü. 1 m² baz fiyat 100.00 TL. Teknik yapı: 4mm · 5×5 (Aparat Dahil). Renk: Beyaz.,"Çocuk Balkon Filesi özel ölçü sipariş ürünü, çocukların açık alanlarda düşme riskini azaltmak için tercih edilen koruma ağıdır.

Ürün Özellikleri
• Ölçü: Özel ölçü
• Teknik yapı: 4mm · 5×5 (Aparat Dahil)
• Renk: Beyaz
• 1 m² baz fiyat ile listelenmiştir
• İhtiyaca göre en ve boy bilgisiyle siparişe uygundur

Kullanım Alanları
• balkon güvenliği
• pencere koruması
• merdiven boşluğu

Fiyat Bilgisi
• 1 m² baz fiyat: 100.00 TL
• Toplam fiyat: genişlik × yükseklik × birim fiyat
",taxable,1,500,100.00,File Ürünleri > Çocuk Filesi,"çocuk balkon filesi, özel ölçü, çocuk güvenlik filesi, beyaz, güvenlik ağı",https://i.hizliresim.com/487ea0g.jpg,çocuk güvenlik filesi özel ölçü,Çocuk Balkon Filesi Özel Ölçü | m² Baz Fiyat,"Çocuk Balkon Filesi özel ölçü sipariş ürünü. 1 m² baz fiyat, 4mm · 5×5 (Aparat Dahil) teknik yapı ve ihtiyaca göre en-boy seçeneği ile hazırlanır.","çocuk balkon filesi, özel ölçü file, m2 baz fiyat, beyaz",Ölçü,Özel ölçü,1,0,Teknik Özellik,4mm · 5×5 (Aparat Dahil),1,0,Renk,Beyaz,1,0
simple,KED-150x200,"Kedi Balkon Filesi 1,5x2 m",kedi-balkon-filesi-1-5x2,1,0,visible,"Kedi Balkon Filesi 1,5x2 m, kedilerin balkon ve pencere kenarlarında daha güvenli kalmasına yardımcı olan koruma ağıdır. Teknik yapı: 3mm · 4×4 Siyah. Renk: Siyah.","Kedi Balkon Filesi 1,5x2 m, kedilerin balkon ve pencere kenarlarında daha güvenli kalmasına yardımcı olan koruma ağıdır.

Ürün Özellikleri
• Ölçü: 1,5x2 m
• Teknik yapı: 3mm · 4×4 Siyah
• Renk: Siyah
• Hazır kesim ürün
• Kullanıma uygun alanlar: balkon, pencere, teras, merdiven boşluğu gibi koruma gereken bölgeler

Kullanım Alanları
• balkon koruması
• pencere güvenliği
• teras kenarı

Fiyat Bilgisi
• Alan: 3.00 m²
• Birim fiyat: 75.00 TL/m²
• Ürün fiyatı: 225.00 TL
",taxable,1,500,225.00,File Ürünleri > Kedi Filesi,"kedi balkon filesi, 1,5x2 m, kedi balkon filesi, siyah, güvenlik ağı, 3mm · 4×4 siyah",https://i.hizliresim.com/d1cqyml.jpg,kedi balkon filesi,"Kedi Balkon Filesi 1,5x2 m | Güvenlik Ağı","Kedi Balkon Filesi 1,5x2 m ürün, kedilerin balkon ve pencere kenarlarında daha güvenli kalmasına yardımcı olan koruma ağıdır. 3mm · 4×4 Siyah teknik yapısı ve","kedi balkon filesi, 1,5x2 m, güvenlik ağı, siyah, hazır ölçü file",Ölçü,"1,5x2 m",1,0,Teknik Özellik,3mm · 4×4 Siyah,1,0,Renk,Siyah,1,0
simple,KED-200x200,Kedi Balkon Filesi 2x2 m,kedi-balkon-filesi-2x2,1,0,visible,"Kedi Balkon Filesi 2x2 m, kedilerin balkon ve pencere kenarlarında daha güvenli kalmasına yardımcı olan koruma ağıdır. Teknik yapı: 3mm · 4×4 Siyah. Renk: Siyah.","Kedi Balkon Filesi 2x2 m, kedilerin balkon ve pencere kenarlarında daha güvenli kalmasına yardımcı olan koruma ağıdır.

Ürün Özellikleri
• Ölçü: 2x2 m
• Teknik yapı: 3mm · 4×4 Siyah
• Renk: Siyah
• Hazır kesim ürün
• Kullanıma uygun alanlar: balkon, pencere, teras, merdiven boşluğu gibi koruma gereken bölgeler

Kullanım Alanları
• balkon koruması
• pencere güvenliği
• teras kenarı

Fiyat Bilgisi
• Alan: 4.00 m²
• Birim fiyat: 75.00 TL/m²
• Ürün fiyatı: 300.00 TL
",taxable,1,500,300.00,File Ürünleri > Kedi Filesi,"kedi balkon filesi, 2x2 m, kedi balkon filesi, siyah, güvenlik ağı, 3mm · 4×4 siyah",https://i.hizliresim.com/d1cqyml.jpg,kedi balkon filesi,Kedi Balkon Filesi 2x2 m | Güvenlik Ağı,"Kedi Balkon Filesi 2x2 m ürün, kedilerin balkon ve pencere kenarlarında daha güvenli kalmasına yardımcı olan koruma ağıdır. 3mm · 4×4 Siyah teknik yapısı ve h","kedi balkon filesi, 2x2 m, güvenlik ağı, siyah, hazır ölçü file",Ölçü,2x2 m,1,0,Teknik Özellik,3mm · 4×4 Siyah,1,0,Renk,Siyah,1,0
simple,KED-200x300,Kedi Balkon Filesi 2x3 m,kedi-balkon-filesi-2x3,1,0,visible,"Kedi Balkon Filesi 2x3 m, kedilerin balkon ve pencere kenarlarında daha güvenli kalmasına yardımcı olan koruma ağıdır. Teknik yapı: 3mm · 4×4 Siyah. Renk: Siyah.","Kedi Balkon Filesi 2x3 m, kedilerin balkon ve pencere kenarlarında daha güvenli kalmasına yardımcı olan koruma ağıdır.

Ürün Özellikleri
• Ölçü: 2x3 m
• Teknik yapı: 3mm · 4×4 Siyah
• Renk: Siyah
• Hazır kesim ürün
• Kullanıma uygun alanlar: balkon, pencere, teras, merdiven boşluğu gibi koruma gereken bölgeler

Kullanım Alanları
• balkon koruması
• pencere güvenliği
• teras kenarı

Fiyat Bilgisi
• Alan: 6.00 m²
• Birim fiyat: 75.00 TL/m²
• Ürün fiyatı: 450.00 TL
",taxable,1,500,450.00,File Ürünleri > Kedi Filesi,"kedi balkon filesi, 2x3 m, kedi balkon filesi, siyah, güvenlik ağı, 3mm · 4×4 siyah",https://i.hizliresim.com/d1cqyml.jpg,kedi balkon filesi,Kedi Balkon Filesi 2x3 m | Güvenlik Ağı,"Kedi Balkon Filesi 2x3 m ürün, kedilerin balkon ve pencere kenarlarında daha güvenli kalmasına yardımcı olan koruma ağıdır. 3mm · 4×4 Siyah teknik yapısı ve h","kedi balkon filesi, 2x3 m, güvenlik ağı, siyah, hazır ölçü file",Ölçü,2x3 m,1,0,Teknik Özellik,3mm · 4×4 Siyah,1,0,Renk,Siyah,1,0
simple,KED-200x500,Kedi Balkon Filesi 2x5 m,kedi-balkon-filesi-2x5,1,0,visible,"Kedi Balkon Filesi 2x5 m, kedilerin balkon ve pencere kenarlarında daha güvenli kalmasına yardımcı olan koruma ağıdır. Teknik yapı: 3mm · 4×4 Siyah. Renk: Siyah.","Kedi Balkon Filesi 2x5 m, kedilerin balkon ve pencere kenarlarında daha güvenli kalmasına yardımcı olan koruma ağıdır.

Ürün Özellikleri
• Ölçü: 2x5 m
• Teknik yapı: 3mm · 4×4 Siyah
• Renk: Siyah
• Hazır kesim ürün
• Kullanıma uygun alanlar: balkon, pencere, teras, merdiven boşluğu gibi koruma gereken bölgeler

Kullanım Alanları
• balkon koruması
• pencere güvenliği
• teras kenarı

Fiyat Bilgisi
• Alan: 10.00 m²
• Birim fiyat: 75.00 TL/m²
• Ürün fiyatı: 750.00 TL
",taxable,1,500,750.00,File Ürünleri > Kedi Filesi,"kedi balkon filesi, 2x5 m, kedi balkon filesi, siyah, güvenlik ağı, 3mm · 4×4 siyah",https://i.hizliresim.com/d1cqyml.jpg,kedi balkon filesi,Kedi Balkon Filesi 2x5 m | Güvenlik Ağı,"Kedi Balkon Filesi 2x5 m ürün, kedilerin balkon ve pencere kenarlarında daha güvenli kalmasına yardımcı olan koruma ağıdır. 3mm · 4×4 Siyah teknik yapısı ve h","kedi balkon filesi, 2x5 m, güvenlik ağı, siyah, hazır ölçü file",Ölçü,2x5 m,1,0,Teknik Özellik,3mm · 4×4 Siyah,1,0,Renk,Siyah,1,0
simple,KED-300x500,Kedi Balkon Filesi 3x5 m,kedi-balkon-filesi-3x5,1,0,visible,"Kedi Balkon Filesi 3x5 m, kedilerin balkon ve pencere kenarlarında daha güvenli kalmasına yardımcı olan koruma ağıdır. Teknik yapı: 3mm · 4×4 Siyah. Renk: Siyah.","Kedi Balkon Filesi 3x5 m, kedilerin balkon ve pencere kenarlarında daha güvenli kalmasına yardımcı olan koruma ağıdır.

Ürün Özellikleri
• Ölçü: 3x5 m
• Teknik yapı: 3mm · 4×4 Siyah
• Renk: Siyah
• Hazır kesim ürün
• Kullanıma uygun alanlar: balkon, pencere, teras, merdiven boşluğu gibi koruma gereken bölgeler

Kullanım Alanları
• balkon koruması
• pencere güvenliği
• teras kenarı

Fiyat Bilgisi
• Alan: 15.00 m²
• Birim fiyat: 75.00 TL/m²
• Ürün fiyatı: 1125.00 TL
",taxable,1,500,1125.00,File Ürünleri > Kedi Filesi,"kedi balkon filesi, 3x5 m, kedi balkon filesi, siyah, güvenlik ağı, 3mm · 4×4 siyah",https://i.hizliresim.com/d1cqyml.jpg,kedi balkon filesi,Kedi Balkon Filesi 3x5 m | Güvenlik Ağı,"Kedi Balkon Filesi 3x5 m ürün, kedilerin balkon ve pencere kenarlarında daha güvenli kalmasına yardımcı olan koruma ağıdır. 3mm · 4×4 Siyah teknik yapısı ve h","kedi balkon filesi, 3x5 m, güvenlik ağı, siyah, hazır ölçü file",Ölçü,3x5 m,1,0,Teknik Özellik,3mm · 4×4 Siyah,1,0,Renk,Siyah,1,0
simple,KED-OZEL,Kedi Balkon Filesi Özel Ölçü,kedi-balkon-filesi-ozel-olcu,1,0,visible,Kedi Balkon Filesi özel ölçü sipariş ürünü. 1 m² baz fiyat 75.00 TL. Teknik yapı: 3mm · 4×4 Siyah. Renk: Siyah.,"Kedi Balkon Filesi özel ölçü sipariş ürünü, kedilerin balkon ve pencere kenarlarında daha güvenli kalmasına yardımcı olan koruma ağıdır.

Ürün Özellikleri
• Ölçü: Özel ölçü
• Teknik yapı: 3mm · 4×4 Siyah
• Renk: Siyah
• 1 m² baz fiyat ile listelenmiştir
• İhtiyaca göre en ve boy bilgisiyle siparişe uygundur

Kullanım Alanları
• balkon koruması
• pencere güvenliği
• teras kenarı

Fiyat Bilgisi
• 1 m² baz fiyat: 75.00 TL
• Toplam fiyat: genişlik × yükseklik × birim fiyat
",taxable,1,500,75.00,File Ürünleri > Kedi Filesi,"kedi balkon filesi, özel ölçü, kedi balkon filesi, siyah, güvenlik ağı",https://i.hizliresim.com/d1cqyml.jpg,kedi balkon filesi özel ölçü,Kedi Balkon Filesi Özel Ölçü | m² Baz Fiyat,"Kedi Balkon Filesi özel ölçü sipariş ürünü. 1 m² baz fiyat, 3mm · 4×4 Siyah teknik yapı ve ihtiyaca göre en-boy seçeneği ile hazırlanır.","kedi balkon filesi, özel ölçü file, m2 baz fiyat, siyah",Ölçü,Özel ölçü,1,0,Teknik Özellik,3mm · 4×4 Siyah,1,0,Renk,Siyah,1,0
simple,KUS-100x200,Kuş Filesi 1x2 m,kus-filesi-1x2,1,0,visible,"Kuş Filesi 1x2 m, kuşların kontrollü alanda tutulması veya istenmeyen girişlerin azaltılması için kullanılan hafif koruma ağıdır. Teknik yapı: 1.5mm · 2×2. Renk: Beyaz.","Kuş Filesi 1x2 m, kuşların kontrollü alanda tutulması veya istenmeyen girişlerin azaltılması için kullanılan hafif koruma ağıdır.

Ürün Özellikleri
• Ölçü: 1x2 m
• Teknik yapı: 1.5mm · 2×2
• Renk: Beyaz
• Hazır kesim ürün
• Kullanıma uygun alanlar: balkon, pencere, teras, merdiven boşluğu gibi koruma gereken bölgeler

Kullanım Alanları
• balkon kapama
• kuş kaçış önleme
• açık alan bölme

Fiyat Bilgisi
• Alan: 2.00 m²
• Birim fiyat: 45.00 TL/m²
• Ürün fiyatı: 90.00 TL
",taxable,1,500,90.00,File Ürünleri > Kuş Filesi,"kuş filesi, 1x2 m, kuş filesi, beyaz, güvenlik ağı, 1.5mm · 2×2",https://i.hizliresim.com/jlsahyw.jpg,kuş filesi,Kuş Filesi 1x2 m | Güvenlik Ağı,"Kuş Filesi 1x2 m ürün, kuşların kontrollü alanda tutulması veya istenmeyen girişlerin azaltılması için kullanılan hafif koruma ağıdır. 1.5mm · 2×2 teknik yapı","kuş filesi, 1x2 m, güvenlik ağı, beyaz, hazır ölçü file",Ölçü,1x2 m,1,0,Teknik Özellik,1.5mm · 2×2,1,0,Renk,Beyaz,1,0
simple,KUS-150x200,"Kuş Filesi 1,5x2 m",kus-filesi-1-5x2,1,0,visible,"Kuş Filesi 1,5x2 m, kuşların kontrollü alanda tutulması veya istenmeyen girişlerin azaltılması için kullanılan hafif koruma ağıdır. Teknik yapı: 1.5mm · 2×2. Renk: Beyaz.","Kuş Filesi 1,5x2 m, kuşların kontrollü alanda tutulması veya istenmeyen girişlerin azaltılması için kullanılan hafif koruma ağıdır.

Ürün Özellikleri
• Ölçü: 1,5x2 m
• Teknik yapı: 1.5mm · 2×2
• Renk: Beyaz
• Hazır kesim ürün
• Kullanıma uygun alanlar: balkon, pencere, teras, merdiven boşluğu gibi koruma gereken bölgeler

Kullanım Alanları
• balkon kapama
• kuş kaçış önleme
• açık alan bölme

Fiyat Bilgisi
• Alan: 3.00 m²
• Birim fiyat: 45.00 TL/m²
• Ürün fiyatı: 135.00 TL
",taxable,1,500,135.00,File Ürünleri > Kuş Filesi,"kuş filesi, 1,5x2 m, kuş filesi, beyaz, güvenlik ağı, 1.5mm · 2×2",https://i.hizliresim.com/jlsahyw.jpg,kuş filesi,"Kuş Filesi 1,5x2 m | Güvenlik Ağı","Kuş Filesi 1,5x2 m ürün, kuşların kontrollü alanda tutulması veya istenmeyen girişlerin azaltılması için kullanılan hafif koruma ağıdır. 1.5mm · 2×2 teknik ya","kuş filesi, 1,5x2 m, güvenlik ağı, beyaz, hazır ölçü file",Ölçü,"1,5x2 m",1,0,Teknik Özellik,1.5mm · 2×2,1,0,Renk,Beyaz,1,0
simple,KUS-200x200,Kuş Filesi 2x2 m,kus-filesi-2x2,1,0,visible,"Kuş Filesi 2x2 m, kuşların kontrollü alanda tutulması veya istenmeyen girişlerin azaltılması için kullanılan hafif koruma ağıdır. Teknik yapı: 1.5mm · 2×2. Renk: Beyaz.","Kuş Filesi 2x2 m, kuşların kontrollü alanda tutulması veya istenmeyen girişlerin azaltılması için kullanılan hafif koruma ağıdır.

Ürün Özellikleri
• Ölçü: 2x2 m
• Teknik yapı: 1.5mm · 2×2
• Renk: Beyaz
• Hazır kesim ürün
• Kullanıma uygun alanlar: balkon, pencere, teras, merdiven boşluğu gibi koruma gereken bölgeler

Kullanım Alanları
• balkon kapama
• kuş kaçış önleme
• açık alan bölme

Fiyat Bilgisi
• Alan: 4.00 m²
• Birim fiyat: 45.00 TL/m²
• Ürün fiyatı: 180.00 TL
",taxable,1,500,180.00,File Ürünleri > Kuş Filesi,"kuş filesi, 2x2 m, kuş filesi, beyaz, güvenlik ağı, 1.5mm · 2×2",https://i.hizliresim.com/jlsahyw.jpg,kuş filesi,Kuş Filesi 2x2 m | Güvenlik Ağı,"Kuş Filesi 2x2 m ürün, kuşların kontrollü alanda tutulması veya istenmeyen girişlerin azaltılması için kullanılan hafif koruma ağıdır. 1.5mm · 2×2 teknik yapı","kuş filesi, 2x2 m, güvenlik ağı, beyaz, hazır ölçü file",Ölçü,2x2 m,1,0,Teknik Özellik,1.5mm · 2×2,1,0,Renk,Beyaz,1,0
simple,KUS-200x300,Kuş Filesi 2x3 m,kus-filesi-2x3,1,0,visible,"Kuş Filesi 2x3 m, kuşların kontrollü alanda tutulması veya istenmeyen girişlerin azaltılması için kullanılan hafif koruma ağıdır. Teknik yapı: 1.5mm · 2×2. Renk: Beyaz.","Kuş Filesi 2x3 m, kuşların kontrollü alanda tutulması veya istenmeyen girişlerin azaltılması için kullanılan hafif koruma ağıdır.

Ürün Özellikleri
• Ölçü: 2x3 m
• Teknik yapı: 1.5mm · 2×2
• Renk: Beyaz
• Hazır kesim ürün
• Kullanıma uygun alanlar: balkon, pencere, teras, merdiven boşluğu gibi koruma gereken bölgeler

Kullanım Alanları
• balkon kapama
• kuş kaçış önleme
• açık alan bölme

Fiyat Bilgisi
• Alan: 6.00 m²
• Birim fiyat: 45.00 TL/m²
• Ürün fiyatı: 270.00 TL
",taxable,1,500,270.00,File Ürünleri > Kuş Filesi,"kuş filesi, 2x3 m, kuş filesi, beyaz, güvenlik ağı, 1.5mm · 2×2",https://i.hizliresim.com/jlsahyw.jpg,kuş filesi,Kuş Filesi 2x3 m | Güvenlik Ağı,"Kuş Filesi 2x3 m ürün, kuşların kontrollü alanda tutulması veya istenmeyen girişlerin azaltılması için kullanılan hafif koruma ağıdır. 1.5mm · 2×2 teknik yapı","kuş filesi, 2x3 m, güvenlik ağı, beyaz, hazır ölçü file",Ölçü,2x3 m,1,0,Teknik Özellik,1.5mm · 2×2,1,0,Renk,Beyaz,1,0
simple,KUS-200x500,Kuş Filesi 2x5 m,kus-filesi-2x5,1,0,visible,"Kuş Filesi 2x5 m, kuşların kontrollü alanda tutulması veya istenmeyen girişlerin azaltılması için kullanılan hafif koruma ağıdır. Teknik yapı: 1.5mm · 2×2. Renk: Beyaz.","Kuş Filesi 2x5 m, kuşların kontrollü alanda tutulması veya istenmeyen girişlerin azaltılması için kullanılan hafif koruma ağıdır.

Ürün Özellikleri
• Ölçü: 2x5 m
• Teknik yapı: 1.5mm · 2×2
• Renk: Beyaz
• Hazır kesim ürün
• Kullanıma uygun alanlar: balkon, pencere, teras, merdiven boşluğu gibi koruma gereken bölgeler

Kullanım Alanları
• balkon kapama
• kuş kaçış önleme
• açık alan bölme

Fiyat Bilgisi
• Alan: 10.00 m²
• Birim fiyat: 45.00 TL/m²
• Ürün fiyatı: 450.00 TL
",taxable,1,500,450.00,File Ürünleri > Kuş Filesi,"kuş filesi, 2x5 m, kuş filesi, beyaz, güvenlik ağı, 1.5mm · 2×2",https://i.hizliresim.com/jlsahyw.jpg,kuş filesi,Kuş Filesi 2x5 m | Güvenlik Ağı,"Kuş Filesi 2x5 m ürün, kuşların kontrollü alanda tutulması veya istenmeyen girişlerin azaltılması için kullanılan hafif koruma ağıdır. 1.5mm · 2×2 teknik yapı","kuş filesi, 2x5 m, güvenlik ağı, beyaz, hazır ölçü file",Ölçü,2x5 m,1,0,Teknik Özellik,1.5mm · 2×2,1,0,Renk,Beyaz,1,0
simple,KUS-OZEL,Kuş Filesi Özel Ölçü,kus-filesi-ozel-olcu,1,0,visible,Kuş Filesi özel ölçü sipariş ürünü. 1 m² baz fiyat 45.00 TL. Teknik yapı: 1.5mm · 2×2. Renk: Beyaz.,"Kuş Filesi özel ölçü sipariş ürünü, kuşların kontrollü alanda tutulması veya istenmeyen girişlerin azaltılması için kullanılan hafif koruma ağıdır.

Ürün Özellikleri
• Ölçü: Özel ölçü
• Teknik yapı: 1.5mm · 2×2
• Renk: Beyaz
• 1 m² baz fiyat ile listelenmiştir
• İhtiyaca göre en ve boy bilgisiyle siparişe uygundur

Kullanım Alanları
• balkon kapama
• kuş kaçış önleme
• açık alan bölme

Fiyat Bilgisi
• 1 m² baz fiyat: 45.00 TL
• Toplam fiyat: genişlik × yükseklik × birim fiyat
",taxable,1,500,45.00,File Ürünleri > Kuş Filesi,"kuş filesi, özel ölçü, kuş filesi, beyaz, güvenlik ağı",https://i.hizliresim.com/jlsahyw.jpg,kuş filesi özel ölçü,Kuş Filesi Özel Ölçü | m² Baz Fiyat,"Kuş Filesi özel ölçü sipariş ürünü. 1 m² baz fiyat, 1.5mm · 2×2 teknik yapı ve ihtiyaca göre en-boy seçeneği ile hazırlanır.","kuş filesi, özel ölçü file, m2 baz fiyat, beyaz",Ölçü,Özel ölçü,1,0,Teknik Özellik,1.5mm · 2×2,1,0,Renk,Beyaz,1,0
simple,HAV-200x300,Havuz Güvenlik Filesi 2x3 m,havuz-guvenlik-filesi-2x3,1,0,visible,"Havuz Güvenlik Filesi 2x3 m, havuz çevresinde ek güvenlik katmanı oluşturmak için tercih edilen güçlü koruma ağıdır. Teknik yapı: 4mm · 5×5 (Aparat Dahil). Renk: Beyaz.","Havuz Güvenlik Filesi 2x3 m, havuz çevresinde ek güvenlik katmanı oluşturmak için tercih edilen güçlü koruma ağıdır.

Ürün Özellikleri
• Ölçü: 2x3 m
• Teknik yapı: 4mm · 5×5 (Aparat Dahil)
• Renk: Beyaz
• Hazır kesim ürün
• Kullanıma uygun alanlar: balkon, pencere, teras, merdiven boşluğu gibi koruma gereken bölgeler

Kullanım Alanları
• havuz çevresi
• bahçe koruması
• açık alan güvenliği

Fiyat Bilgisi
• Alan: 6.00 m²
• Birim fiyat: 100.00 TL/m²
• Ürün fiyatı: 600.00 TL
",taxable,1,500,600.00,File Ürünleri > Havuz Filesi,"havuz güvenlik filesi, 2x3 m, havuz güvenlik filesi, beyaz, güvenlik ağı, 4mm · 5×5 (aparat dahil)",https://i.hizliresim.com/ofe3hcc.jpg,havuz güvenlik filesi,Havuz Güvenlik Filesi 2x3 m | Güvenlik Ağı,"Havuz Güvenlik Filesi 2x3 m ürün, havuz çevresinde ek güvenlik katmanı oluşturmak için tercih edilen güçlü koruma ağıdır. 4mm · 5×5 (Aparat Dahil) teknik yapı","havuz güvenlik filesi, 2x3 m, güvenlik ağı, beyaz, hazır ölçü file",Ölçü,2x3 m,1,0,Teknik Özellik,4mm · 5×5 (Aparat Dahil),1,0,Renk,Beyaz,1,0
simple,HAV-200x400,Havuz Güvenlik Filesi 2x4 m,havuz-guvenlik-filesi-2x4,1,0,visible,"Havuz Güvenlik Filesi 2x4 m, havuz çevresinde ek güvenlik katmanı oluşturmak için tercih edilen güçlü koruma ağıdır. Teknik yapı: 4mm · 5×5 (Aparat Dahil). Renk: Beyaz.","Havuz Güvenlik Filesi 2x4 m, havuz çevresinde ek güvenlik katmanı oluşturmak için tercih edilen güçlü koruma ağıdır.

Ürün Özellikleri
• Ölçü: 2x4 m
• Teknik yapı: 4mm · 5×5 (Aparat Dahil)
• Renk: Beyaz
• Hazır kesim ürün
• Kullanıma uygun alanlar: balkon, pencere, teras, merdiven boşluğu gibi koruma gereken bölgeler

Kullanım Alanları
• havuz çevresi
• bahçe koruması
• açık alan güvenliği

Fiyat Bilgisi
• Alan: 8.00 m²
• Birim fiyat: 100.00 TL/m²
• Ürün fiyatı: 800.00 TL
",taxable,1,500,800.00,File Ürünleri > Havuz Filesi,"havuz güvenlik filesi, 2x4 m, havuz güvenlik filesi, beyaz, güvenlik ağı, 4mm · 5×5 (aparat dahil)",https://i.hizliresim.com/ofe3hcc.jpg,havuz güvenlik filesi,Havuz Güvenlik Filesi 2x4 m | Güvenlik Ağı,"Havuz Güvenlik Filesi 2x4 m ürün, havuz çevresinde ek güvenlik katmanı oluşturmak için tercih edilen güçlü koruma ağıdır. 4mm · 5×5 (Aparat Dahil) teknik yapı","havuz güvenlik filesi, 2x4 m, güvenlik ağı, beyaz, hazır ölçü file",Ölçü,2x4 m,1,0,Teknik Özellik,4mm · 5×5 (Aparat Dahil),1,0,Renk,Beyaz,1,0
simple,HAV-200x500,Havuz Güvenlik Filesi 2x5 m,havuz-guvenlik-filesi-2x5,1,0,visible,"Havuz Güvenlik Filesi 2x5 m, havuz çevresinde ek güvenlik katmanı oluşturmak için tercih edilen güçlü koruma ağıdır. Teknik yapı: 4mm · 5×5 (Aparat Dahil). Renk: Beyaz.","Havuz Güvenlik Filesi 2x5 m, havuz çevresinde ek güvenlik katmanı oluşturmak için tercih edilen güçlü koruma ağıdır.

Ürün Özellikleri
• Ölçü: 2x5 m
• Teknik yapı: 4mm · 5×5 (Aparat Dahil)
• Renk: Beyaz
• Hazır kesim ürün
• Kullanıma uygun alanlar: balkon, pencere, teras, merdiven boşluğu gibi koruma gereken bölgeler

Kullanım Alanları
• havuz çevresi
• bahçe koruması
• açık alan güvenliği

Fiyat Bilgisi
• Alan: 10.00 m²
• Birim fiyat: 100.00 TL/m²
• Ürün fiyatı: 1000.00 TL
",taxable,1,500,1000.00,File Ürünleri > Havuz Filesi,"havuz güvenlik filesi, 2x5 m, havuz güvenlik filesi, beyaz, güvenlik ağı, 4mm · 5×5 (aparat dahil)",https://i.hizliresim.com/ofe3hcc.jpg,havuz güvenlik filesi,Havuz Güvenlik Filesi 2x5 m | Güvenlik Ağı,"Havuz Güvenlik Filesi 2x5 m ürün, havuz çevresinde ek güvenlik katmanı oluşturmak için tercih edilen güçlü koruma ağıdır. 4mm · 5×5 (Aparat Dahil) teknik yapı","havuz güvenlik filesi, 2x5 m, güvenlik ağı, beyaz, hazır ölçü file",Ölçü,2x5 m,1,0,Teknik Özellik,4mm · 5×5 (Aparat Dahil),1,0,Renk,Beyaz,1,0
simple,HAV-300x500,Havuz Güvenlik Filesi 3x5 m,havuz-guvenlik-filesi-3x5,1,0,visible,"Havuz Güvenlik Filesi 3x5 m, havuz çevresinde ek güvenlik katmanı oluşturmak için tercih edilen güçlü koruma ağıdır. Teknik yapı: 4mm · 5×5 (Aparat Dahil). Renk: Beyaz.","Havuz Güvenlik Filesi 3x5 m, havuz çevresinde ek güvenlik katmanı oluşturmak için tercih edilen güçlü koruma ağıdır.

Ürün Özellikleri
• Ölçü: 3x5 m
• Teknik yapı: 4mm · 5×5 (Aparat Dahil)
• Renk: Beyaz
• Hazır kesim ürün
• Kullanıma uygun alanlar: balkon, pencere, teras, merdiven boşluğu gibi koruma gereken bölgeler

Kullanım Alanları
• havuz çevresi
• bahçe koruması
• açık alan güvenliği

Fiyat Bilgisi
• Alan: 15.00 m²
• Birim fiyat: 100.00 TL/m²
• Ürün fiyatı: 1500.00 TL
",taxable,1,500,1500.00,File Ürünleri > Havuz Filesi,"havuz güvenlik filesi, 3x5 m, havuz güvenlik filesi, beyaz, güvenlik ağı, 4mm · 5×5 (aparat dahil)",https://i.hizliresim.com/ofe3hcc.jpg,havuz güvenlik filesi,Havuz Güvenlik Filesi 3x5 m | Güvenlik Ağı,"Havuz Güvenlik Filesi 3x5 m ürün, havuz çevresinde ek güvenlik katmanı oluşturmak için tercih edilen güçlü koruma ağıdır. 4mm · 5×5 (Aparat Dahil) teknik yapı","havuz güvenlik filesi, 3x5 m, güvenlik ağı, beyaz, hazır ölçü file",Ölçü,3x5 m,1,0,Teknik Özellik,4mm · 5×5 (Aparat Dahil),1,0,Renk,Beyaz,1,0
simple,HAV-400x600,Havuz Güvenlik Filesi 4x6 m,havuz-guvenlik-filesi-4x6,1,0,visible,"Havuz Güvenlik Filesi 4x6 m, havuz çevresinde ek güvenlik katmanı oluşturmak için tercih edilen güçlü koruma ağıdır. Teknik yapı: 4mm · 5×5 (Aparat Dahil). Renk: Beyaz.","Havuz Güvenlik Filesi 4x6 m, havuz çevresinde ek güvenlik katmanı oluşturmak için tercih edilen güçlü koruma ağıdır.

Ürün Özellikleri
• Ölçü: 4x6 m
• Teknik yapı: 4mm · 5×5 (Aparat Dahil)
• Renk: Beyaz
• Hazır kesim ürün
• Kullanıma uygun alanlar: balkon, pencere, teras, merdiven boşluğu gibi koruma gereken bölgeler

Kullanım Alanları
• havuz çevresi
• bahçe koruması
• açık alan güvenliği

Fiyat Bilgisi
• Alan: 24.00 m²
• Birim fiyat: 100.00 TL/m²
• Ürün fiyatı: 2400.00 TL
",taxable,1,500,2400.00,File Ürünleri > Havuz Filesi,"havuz güvenlik filesi, 4x6 m, havuz güvenlik filesi, beyaz, güvenlik ağı, 4mm · 5×5 (aparat dahil)",https://i.hizliresim.com/ofe3hcc.jpg,havuz güvenlik filesi,Havuz Güvenlik Filesi 4x6 m | Güvenlik Ağı,"Havuz Güvenlik Filesi 4x6 m ürün, havuz çevresinde ek güvenlik katmanı oluşturmak için tercih edilen güçlü koruma ağıdır. 4mm · 5×5 (Aparat Dahil) teknik yapı","havuz güvenlik filesi, 4x6 m, güvenlik ağı, beyaz, hazır ölçü file",Ölçü,4x6 m,1,0,Teknik Özellik,4mm · 5×5 (Aparat Dahil),1,0,Renk,Beyaz,1,0
simple,HAV-OZEL,Havuz Güvenlik Filesi Özel Ölçü,havuz-guvenlik-filesi-ozel-olcu,1,0,visible,Havuz Güvenlik Filesi özel ölçü sipariş ürünü. 1 m² baz fiyat 100.00 TL. Teknik yapı: 4mm · 5×5 (Aparat Dahil). Renk: Beyaz.,"Havuz Güvenlik Filesi özel ölçü sipariş ürünü, havuz çevresinde ek güvenlik katmanı oluşturmak için tercih edilen güçlü koruma ağıdır.

Ürün Özellikleri
• Ölçü: Özel ölçü
• Teknik yapı: 4mm · 5×5 (Aparat Dahil)
• Renk: Beyaz
• 1 m² baz fiyat ile listelenmiştir
• İhtiyaca göre en ve boy bilgisiyle siparişe uygundur

Kullanım Alanları
• havuz çevresi
• bahçe koruması
• açık alan güvenliği

Fiyat Bilgisi
• 1 m² baz fiyat: 100.00 TL
• Toplam fiyat: genişlik × yükseklik × birim fiyat
",taxable,1,500,100.00,File Ürünleri > Havuz Filesi,"havuz güvenlik filesi, özel ölçü, havuz güvenlik filesi, beyaz, güvenlik ağı",https://i.hizliresim.com/ofe3hcc.jpg,havuz güvenlik filesi özel ölçü,Havuz Güvenlik Filesi Özel Ölçü | m² Baz Fiyat,"Havuz Güvenlik Filesi özel ölçü sipariş ürünü. 1 m² baz fiyat, 4mm · 5×5 (Aparat Dahil) teknik yapı ve ihtiyaca göre en-boy seçeneği ile hazırlanır.","havuz güvenlik filesi, özel ölçü file, m2 baz fiyat, beyaz",Ölçü,Özel ölçü,1,0,Teknik Özellik,4mm · 5×5 (Aparat Dahil),1,0,Renk,Beyaz,1,0
simple,MER-100x200,Merdiven Güvenlik Filesi 1x2 m,merdiven-guvenlik-filesi-1x2,1,0,visible,"Merdiven Güvenlik Filesi 1x2 m, merdiven boşluklarında çocuk ve evcil hayvan güvenliği için kullanılan koruma ağıdır. Teknik yapı: 3mm · 4×4. Renk: Beyaz.","Merdiven Güvenlik Filesi 1x2 m, merdiven boşluklarında çocuk ve evcil hayvan güvenliği için kullanılan koruma ağıdır.

Ürün Özellikleri
• Ölçü: 1x2 m
• Teknik yapı: 3mm · 4×4
• Renk: Beyaz
• Hazır kesim ürün
• Kullanıma uygun alanlar: balkon, pencere, teras, merdiven boşluğu gibi koruma gereken bölgeler

Kullanım Alanları
• merdiven boşluğu
• kat arası koruma
• korkuluk aralığı

Fiyat Bilgisi
• Alan: 2.00 m²
• Birim fiyat: 60.00 TL/m²
• Ürün fiyatı: 120.00 TL
",taxable,1,500,120.00,File Ürünleri > Merdiven Filesi,"merdiven güvenlik filesi, 1x2 m, merdiven güvenlik filesi, beyaz, güvenlik ağı, 3mm · 4×4",https://i.hizliresim.com/487ea0g.jpg,merdiven güvenlik filesi,Merdiven Güvenlik Filesi 1x2 m | Güvenlik Ağı,"Merdiven Güvenlik Filesi 1x2 m ürün, merdiven boşluklarında çocuk ve evcil hayvan güvenliği için kullanılan koruma ağıdır. 3mm · 4×4 teknik yapısı ve hazır öl","merdiven güvenlik filesi, 1x2 m, güvenlik ağı, beyaz, hazır ölçü file",Ölçü,1x2 m,1,0,Teknik Özellik,3mm · 4×4,1,0,Renk,Beyaz,1,0
simple,MER-100x300,Merdiven Güvenlik Filesi 1x3 m,merdiven-guvenlik-filesi-1x3,1,0,visible,"Merdiven Güvenlik Filesi 1x3 m, merdiven boşluklarında çocuk ve evcil hayvan güvenliği için kullanılan koruma ağıdır. Teknik yapı: 3mm · 4×4. Renk: Beyaz.","Merdiven Güvenlik Filesi 1x3 m, merdiven boşluklarında çocuk ve evcil hayvan güvenliği için kullanılan koruma ağıdır.

Ürün Özellikleri
• Ölçü: 1x3 m
• Teknik yapı: 3mm · 4×4
• Renk: Beyaz
• Hazır kesim ürün
• Kullanıma uygun alanlar: balkon, pencere, teras, merdiven boşluğu gibi koruma gereken bölgeler

Kullanım Alanları
• merdiven boşluğu
• kat arası koruma
• korkuluk aralığı

Fiyat Bilgisi
• Alan: 3.00 m²
• Birim fiyat: 60.00 TL/m²
• Ürün fiyatı: 180.00 TL
",taxable,1,500,180.00,File Ürünleri > Merdiven Filesi,"merdiven güvenlik filesi, 1x3 m, merdiven güvenlik filesi, beyaz, güvenlik ağı, 3mm · 4×4",https://i.hizliresim.com/487ea0g.jpg,merdiven güvenlik filesi,Merdiven Güvenlik Filesi 1x3 m | Güvenlik Ağı,"Merdiven Güvenlik Filesi 1x3 m ürün, merdiven boşluklarında çocuk ve evcil hayvan güvenliği için kullanılan koruma ağıdır. 3mm · 4×4 teknik yapısı ve hazır öl","merdiven güvenlik filesi, 1x3 m, güvenlik ağı, beyaz, hazır ölçü file",Ölçü,1x3 m,1,0,Teknik Özellik,3mm · 4×4,1,0,Renk,Beyaz,1,0
simple,MER-150x300,"Merdiven Güvenlik Filesi 1,5x3 m",merdiven-guvenlik-filesi-1-5x3,1,0,visible,"Merdiven Güvenlik Filesi 1,5x3 m, merdiven boşluklarında çocuk ve evcil hayvan güvenliği için kullanılan koruma ağıdır. Teknik yapı: 3mm · 4×4. Renk: Beyaz.","Merdiven Güvenlik Filesi 1,5x3 m, merdiven boşluklarında çocuk ve evcil hayvan güvenliği için kullanılan koruma ağıdır.

Ürün Özellikleri
• Ölçü: 1,5x3 m
• Teknik yapı: 3mm · 4×4
• Renk: Beyaz
• Hazır kesim ürün
• Kullanıma uygun alanlar: balkon, pencere, teras, merdiven boşluğu gibi koruma gereken bölgeler

Kullanım Alanları
• merdiven boşluğu
• kat arası koruma
• korkuluk aralığı

Fiyat Bilgisi
• Alan: 4.50 m²
• Birim fiyat: 60.00 TL/m²
• Ürün fiyatı: 270.00 TL
",taxable,1,500,270.00,File Ürünleri > Merdiven Filesi,"merdiven güvenlik filesi, 1,5x3 m, merdiven güvenlik filesi, beyaz, güvenlik ağı, 3mm · 4×4",https://i.hizliresim.com/487ea0g.jpg,merdiven güvenlik filesi,"Merdiven Güvenlik Filesi 1,5x3 m | Güvenlik Ağı","Merdiven Güvenlik Filesi 1,5x3 m ürün, merdiven boşluklarında çocuk ve evcil hayvan güvenliği için kullanılan koruma ağıdır. 3mm · 4×4 teknik yapısı ve hazır ","merdiven güvenlik filesi, 1,5x3 m, güvenlik ağı, beyaz, hazır ölçü file",Ölçü,"1,5x3 m",1,0,Teknik Özellik,3mm · 4×4,1,0,Renk,Beyaz,1,0
simple,MER-200x300,Merdiven Güvenlik Filesi 2x3 m,merdiven-guvenlik-filesi-2x3,1,0,visible,"Merdiven Güvenlik Filesi 2x3 m, merdiven boşluklarında çocuk ve evcil hayvan güvenliği için kullanılan koruma ağıdır. Teknik yapı: 3mm · 4×4. Renk: Beyaz.","Merdiven Güvenlik Filesi 2x3 m, merdiven boşluklarında çocuk ve evcil hayvan güvenliği için kullanılan koruma ağıdır.

Ürün Özellikleri
• Ölçü: 2x3 m
• Teknik yapı: 3mm · 4×4
• Renk: Beyaz
• Hazır kesim ürün
• Kullanıma uygun alanlar: balkon, pencere, teras, merdiven boşluğu gibi koruma gereken bölgeler

Kullanım Alanları
• merdiven boşluğu
• kat arası koruma
• korkuluk aralığı

Fiyat Bilgisi
• Alan: 6.00 m²
• Birim fiyat: 60.00 TL/m²
• Ürün fiyatı: 360.00 TL
",taxable,1,500,360.00,File Ürünleri > Merdiven Filesi,"merdiven güvenlik filesi, 2x3 m, merdiven güvenlik filesi, beyaz, güvenlik ağı, 3mm · 4×4",https://i.hizliresim.com/487ea0g.jpg,merdiven güvenlik filesi,Merdiven Güvenlik Filesi 2x3 m | Güvenlik Ağı,"Merdiven Güvenlik Filesi 2x3 m ürün, merdiven boşluklarında çocuk ve evcil hayvan güvenliği için kullanılan koruma ağıdır. 3mm · 4×4 teknik yapısı ve hazır öl","merdiven güvenlik filesi, 2x3 m, güvenlik ağı, beyaz, hazır ölçü file",Ölçü,2x3 m,1,0,Teknik Özellik,3mm · 4×4,1,0,Renk,Beyaz,1,0
simple,MER-200x400,Merdiven Güvenlik Filesi 2x4 m,merdiven-guvenlik-filesi-2x4,1,0,visible,"Merdiven Güvenlik Filesi 2x4 m, merdiven boşluklarında çocuk ve evcil hayvan güvenliği için kullanılan koruma ağıdır. Teknik yapı: 3mm · 4×4. Renk: Beyaz.","Merdiven Güvenlik Filesi 2x4 m, merdiven boşluklarında çocuk ve evcil hayvan güvenliği için kullanılan koruma ağıdır.

Ürün Özellikleri
• Ölçü: 2x4 m
• Teknik yapı: 3mm · 4×4
• Renk: Beyaz
• Hazır kesim ürün
• Kullanıma uygun alanlar: balkon, pencere, teras, merdiven boşluğu gibi koruma gereken bölgeler

Kullanım Alanları
• merdiven boşluğu
• kat arası koruma
• korkuluk aralığı

Fiyat Bilgisi
• Alan: 8.00 m²
• Birim fiyat: 60.00 TL/m²
• Ürün fiyatı: 480.00 TL
",taxable,1,500,480.00,File Ürünleri > Merdiven Filesi,"merdiven güvenlik filesi, 2x4 m, merdiven güvenlik filesi, beyaz, güvenlik ağı, 3mm · 4×4",https://i.hizliresim.com/487ea0g.jpg,merdiven güvenlik filesi,Merdiven Güvenlik Filesi 2x4 m | Güvenlik Ağı,"Merdiven Güvenlik Filesi 2x4 m ürün, merdiven boşluklarında çocuk ve evcil hayvan güvenliği için kullanılan koruma ağıdır. 3mm · 4×4 teknik yapısı ve hazır öl","merdiven güvenlik filesi, 2x4 m, güvenlik ağı, beyaz, hazır ölçü file",Ölçü,2x4 m,1,0,Teknik Özellik,3mm · 4×4,1,0,Renk,Beyaz,1,0
simple,MER-OZEL,Merdiven Güvenlik Filesi Özel Ölçü,merdiven-guvenlik-filesi-ozel-olcu,1,0,visible,Merdiven Güvenlik Filesi özel ölçü sipariş ürünü. 1 m² baz fiyat 60.00 TL. Teknik yapı: 3mm · 4×4. Renk: Beyaz.,"Merdiven Güvenlik Filesi özel ölçü sipariş ürünü, merdiven boşluklarında çocuk ve evcil hayvan güvenliği için kullanılan koruma ağıdır.

Ürün Özellikleri
• Ölçü: Özel ölçü
• Teknik yapı: 3mm · 4×4
• Renk: Beyaz
• 1 m² baz fiyat ile listelenmiştir
• İhtiyaca göre en ve boy bilgisiyle siparişe uygundur

Kullanım Alanları
• merdiven boşluğu
• kat arası koruma
• korkuluk aralığı

Fiyat Bilgisi
• 1 m² baz fiyat: 60.00 TL
• Toplam fiyat: genişlik × yükseklik × birim fiyat
",taxable,1,500,60.00,File Ürünleri > Merdiven Filesi,"merdiven güvenlik filesi, özel ölçü, merdiven güvenlik filesi, beyaz, güvenlik ağı",https://i.hizliresim.com/487ea0g.jpg,merdiven güvenlik filesi özel ölçü,Merdiven Güvenlik Filesi Özel Ölçü | m² Baz Fiyat,"Merdiven Güvenlik Filesi özel ölçü sipariş ürünü. 1 m² baz fiyat, 3mm · 4×4 teknik yapı ve ihtiyaca göre en-boy seçeneği ile hazırlanır.","merdiven güvenlik filesi, özel ölçü file, m2 baz fiyat, beyaz",Ölçü,Özel ölçü,1,0,Teknik Özellik,3mm · 4×4,1,0,Renk,Beyaz,1,0
simple,BAL-100x300,Balkon Güvenlik Filesi 1x3 m,balkon-guvenlik-filesi-1x3,1,0,visible,"Balkon Güvenlik Filesi 1x3 m, balkon ve teras alanlarında ekstra koruma sağlamak için kullanılan güvenlik ağıdır. Teknik yapı: 4mm · 5×5 (Aparat Dahil). Renk: Beyaz.","Balkon Güvenlik Filesi 1x3 m, balkon ve teras alanlarında ekstra koruma sağlamak için kullanılan güvenlik ağıdır.

Ürün Özellikleri
• Ölçü: 1x3 m
• Teknik yapı: 4mm · 5×5 (Aparat Dahil)
• Renk: Beyaz
• Hazır kesim ürün
• Kullanıma uygun alanlar: balkon, pencere, teras, merdiven boşluğu gibi koruma gereken bölgeler

Kullanım Alanları
• balkon korkuluğu
• teras kenarı
• yüksek kat güvenliği

Fiyat Bilgisi
• Alan: 3.00 m²
• Birim fiyat: 100.00 TL/m²
• Ürün fiyatı: 300.00 TL
",taxable,1,500,300.00,File Ürünleri > Balkon Güvenlik Filesi,"balkon güvenlik filesi, 1x3 m, balkon güvenlik filesi, beyaz, güvenlik ağı, 4mm · 5×5 (aparat dahil)",https://i.hizliresim.com/487ea0g.jpg,balkon güvenlik filesi,Balkon Güvenlik Filesi 1x3 m | Güvenlik Ağı,"Balkon Güvenlik Filesi 1x3 m ürün, balkon ve teras alanlarında ekstra koruma sağlamak için kullanılan güvenlik ağıdır. 4mm · 5×5 (Aparat Dahil) teknik yapısı ","balkon güvenlik filesi, 1x3 m, güvenlik ağı, beyaz, hazır ölçü file",Ölçü,1x3 m,1,0,Teknik Özellik,4mm · 5×5 (Aparat Dahil),1,0,Renk,Beyaz,1,0
simple,BAL-150x300,"Balkon Güvenlik Filesi 1,5x3 m",balkon-guvenlik-filesi-1-5x3,1,0,visible,"Balkon Güvenlik Filesi 1,5x3 m, balkon ve teras alanlarında ekstra koruma sağlamak için kullanılan güvenlik ağıdır. Teknik yapı: 4mm · 5×5 (Aparat Dahil). Renk: Beyaz.","Balkon Güvenlik Filesi 1,5x3 m, balkon ve teras alanlarında ekstra koruma sağlamak için kullanılan güvenlik ağıdır.

Ürün Özellikleri
• Ölçü: 1,5x3 m
• Teknik yapı: 4mm · 5×5 (Aparat Dahil)
• Renk: Beyaz
• Hazır kesim ürün
• Kullanıma uygun alanlar: balkon, pencere, teras, merdiven boşluğu gibi koruma gereken bölgeler

Kullanım Alanları
• balkon korkuluğu
• teras kenarı
• yüksek kat güvenliği

Fiyat Bilgisi
• Alan: 4.50 m²
• Birim fiyat: 100.00 TL/m²
• Ürün fiyatı: 450.00 TL
",taxable,1,500,450.00,File Ürünleri > Balkon Güvenlik Filesi,"balkon güvenlik filesi, 1,5x3 m, balkon güvenlik filesi, beyaz, güvenlik ağı, 4mm · 5×5 (aparat dahil)",https://i.hizliresim.com/487ea0g.jpg,balkon güvenlik filesi,"Balkon Güvenlik Filesi 1,5x3 m | Güvenlik Ağı","Balkon Güvenlik Filesi 1,5x3 m ürün, balkon ve teras alanlarında ekstra koruma sağlamak için kullanılan güvenlik ağıdır. 4mm · 5×5 (Aparat Dahil) teknik yapıs","balkon güvenlik filesi, 1,5x3 m, güvenlik ağı, beyaz, hazır ölçü file",Ölçü,"1,5x3 m",1,0,Teknik Özellik,4mm · 5×5 (Aparat Dahil),1,0,Renk,Beyaz,1,0
simple,BAL-200x300,Balkon Güvenlik Filesi 2x3 m,balkon-guvenlik-filesi-2x3,1,0,visible,"Balkon Güvenlik Filesi 2x3 m, balkon ve teras alanlarında ekstra koruma sağlamak için kullanılan güvenlik ağıdır. Teknik yapı: 4mm · 5×5 (Aparat Dahil). Renk: Beyaz.","Balkon Güvenlik Filesi 2x3 m, balkon ve teras alanlarında ekstra koruma sağlamak için kullanılan güvenlik ağıdır.

Ürün Özellikleri
• Ölçü: 2x3 m
• Teknik yapı: 4mm · 5×5 (Aparat Dahil)
• Renk: Beyaz
• Hazır kesim ürün
• Kullanıma uygun alanlar: balkon, pencere, teras, merdiven boşluğu gibi koruma gereken bölgeler

Kullanım Alanları
• balkon korkuluğu
• teras kenarı
• yüksek kat güvenliği

Fiyat Bilgisi
• Alan: 6.00 m²
• Birim fiyat: 100.00 TL/m²
• Ürün fiyatı: 600.00 TL
",taxable,1,500,600.00,File Ürünleri > Balkon Güvenlik Filesi,"balkon güvenlik filesi, 2x3 m, balkon güvenlik filesi, beyaz, güvenlik ağı, 4mm · 5×5 (aparat dahil)",https://i.hizliresim.com/487ea0g.jpg,balkon güvenlik filesi,Balkon Güvenlik Filesi 2x3 m | Güvenlik Ağı,"Balkon Güvenlik Filesi 2x3 m ürün, balkon ve teras alanlarında ekstra koruma sağlamak için kullanılan güvenlik ağıdır. 4mm · 5×5 (Aparat Dahil) teknik yapısı ","balkon güvenlik filesi, 2x3 m, güvenlik ağı, beyaz, hazır ölçü file",Ölçü,2x3 m,1,0,Teknik Özellik,4mm · 5×5 (Aparat Dahil),1,0,Renk,Beyaz,1,0
simple,BAL-200x400,Balkon Güvenlik Filesi 2x4 m,balkon-guvenlik-filesi-2x4,1,0,visible,"Balkon Güvenlik Filesi 2x4 m, balkon ve teras alanlarında ekstra koruma sağlamak için kullanılan güvenlik ağıdır. Teknik yapı: 4mm · 5×5 (Aparat Dahil). Renk: Beyaz.","Balkon Güvenlik Filesi 2x4 m, balkon ve teras alanlarında ekstra koruma sağlamak için kullanılan güvenlik ağıdır.

Ürün Özellikleri
• Ölçü: 2x4 m
• Teknik yapı: 4mm · 5×5 (Aparat Dahil)
• Renk: Beyaz
• Hazır kesim ürün
• Kullanıma uygun alanlar: balkon, pencere, teras, merdiven boşluğu gibi koruma gereken bölgeler

Kullanım Alanları
• balkon korkuluğu
• teras kenarı
• yüksek kat güvenliği

Fiyat Bilgisi
• Alan: 8.00 m²
• Birim fiyat: 100.00 TL/m²
• Ürün fiyatı: 800.00 TL
",taxable,1,500,800.00,File Ürünleri > Balkon Güvenlik Filesi,"balkon güvenlik filesi, 2x4 m, balkon güvenlik filesi, beyaz, güvenlik ağı, 4mm · 5×5 (aparat dahil)",https://i.hizliresim.com/487ea0g.jpg,balkon güvenlik filesi,Balkon Güvenlik Filesi 2x4 m | Güvenlik Ağı,"Balkon Güvenlik Filesi 2x4 m ürün, balkon ve teras alanlarında ekstra koruma sağlamak için kullanılan güvenlik ağıdır. 4mm · 5×5 (Aparat Dahil) teknik yapısı ","balkon güvenlik filesi, 2x4 m, güvenlik ağı, beyaz, hazır ölçü file",Ölçü,2x4 m,1,0,Teknik Özellik,4mm · 5×5 (Aparat Dahil),1,0,Renk,Beyaz,1,0
simple,BAL-200x500,Balkon Güvenlik Filesi 2x5 m,balkon-guvenlik-filesi-2x5,1,0,visible,"Balkon Güvenlik Filesi 2x5 m, balkon ve teras alanlarında ekstra koruma sağlamak için kullanılan güvenlik ağıdır. Teknik yapı: 4mm · 5×5 (Aparat Dahil). Renk: Beyaz.","Balkon Güvenlik Filesi 2x5 m, balkon ve teras alanlarında ekstra koruma sağlamak için kullanılan güvenlik ağıdır.

Ürün Özellikleri
• Ölçü: 2x5 m
• Teknik yapı: 4mm · 5×5 (Aparat Dahil)
• Renk: Beyaz
• Hazır kesim ürün
• Kullanıma uygun alanlar: balkon, pencere, teras, merdiven boşluğu gibi koruma gereken bölgeler

Kullanım Alanları
• balkon korkuluğu
• teras kenarı
• yüksek kat güvenliği

Fiyat Bilgisi
• Alan: 10.00 m²
• Birim fiyat: 100.00 TL/m²
• Ürün fiyatı: 1000.00 TL
",taxable,1,500,1000.00,File Ürünleri > Balkon Güvenlik Filesi,"balkon güvenlik filesi, 2x5 m, balkon güvenlik filesi, beyaz, güvenlik ağı, 4mm · 5×5 (aparat dahil)",https://i.hizliresim.com/487ea0g.jpg,balkon güvenlik filesi,Balkon Güvenlik Filesi 2x5 m | Güvenlik Ağı,"Balkon Güvenlik Filesi 2x5 m ürün, balkon ve teras alanlarında ekstra koruma sağlamak için kullanılan güvenlik ağıdır. 4mm · 5×5 (Aparat Dahil) teknik yapısı ","balkon güvenlik filesi, 2x5 m, güvenlik ağı, beyaz, hazır ölçü file",Ölçü,2x5 m,1,0,Teknik Özellik,4mm · 5×5 (Aparat Dahil),1,0,Renk,Beyaz,1,0
simple,BAL-OZEL,Balkon Güvenlik Filesi Özel Ölçü,balkon-guvenlik-filesi-ozel-olcu,1,0,visible,Balkon Güvenlik Filesi özel ölçü sipariş ürünü. 1 m² baz fiyat 100.00 TL. Teknik yapı: 4mm · 5×5 (Aparat Dahil). Renk: Beyaz.,"Balkon Güvenlik Filesi özel ölçü sipariş ürünü, balkon ve teras alanlarında ekstra koruma sağlamak için kullanılan güvenlik ağıdır.

Ürün Özellikleri
• Ölçü: Özel ölçü
• Teknik yapı: 4mm · 5×5 (Aparat Dahil)
• Renk: Beyaz
• 1 m² baz fiyat ile listelenmiştir
• İhtiyaca göre en ve boy bilgisiyle siparişe uygundur

Kullanım Alanları
• balkon korkuluğu
• teras kenarı
• yüksek kat güvenliği

Fiyat Bilgisi
• 1 m² baz fiyat: 100.00 TL
• Toplam fiyat: genişlik × yükseklik × birim fiyat
",taxable,1,500,100.00,File Ürünleri > Balkon Güvenlik Filesi,"balkon güvenlik filesi, özel ölçü, balkon güvenlik filesi, beyaz, güvenlik ağı",https://i.hizliresim.com/487ea0g.jpg,balkon güvenlik filesi özel ölçü,Balkon Güvenlik Filesi Özel Ölçü | m² Baz Fiyat,"Balkon Güvenlik Filesi özel ölçü sipariş ürünü. 1 m² baz fiyat, 4mm · 5×5 (Aparat Dahil) teknik yapı ve ihtiyaca göre en-boy seçeneği ile hazırlanır.","balkon güvenlik filesi, özel ölçü file, m2 baz fiyat, beyaz",Ölçü,Özel ölçü,1,0,Teknik Özellik,4mm · 5×5 (Aparat Dahil),1,0,Renk,Beyaz,1,0
simple,TUR-200x200,Turuncu Güvenlik File 2x2 m,turuncu-guvenlik-file-2x2,1,0,visible,"Turuncu Güvenlik File 2x2 m, yüksek görünürlük isteyen alanlarda dikkat çekici koruma ağı çözümü sunar. Teknik yapı: 4mm · 5×5 Renkli. Renk: Turuncu.","Turuncu Güvenlik File 2x2 m, yüksek görünürlük isteyen alanlarda dikkat çekici koruma ağı çözümü sunar.

Ürün Özellikleri
• Ölçü: 2x2 m
• Teknik yapı: 4mm · 5×5 Renkli
• Renk: Turuncu
• Hazır kesim ürün
• Kullanıma uygun alanlar: balkon, pencere, teras, merdiven boşluğu gibi koruma gereken bölgeler

Kullanım Alanları
• şantiye çevresi
• geçici alan ayırma
• uyarı amaçlı koruma

Fiyat Bilgisi
• Alan: 4.00 m²
• Birim fiyat: 105.00 TL/m²
• Ürün fiyatı: 420.00 TL
",taxable,1,500,420.00,File Ürünleri > Turuncu Güvenlik File,"turuncu güvenlik file, 2x2 m, turuncu güvenlik file, turuncu, güvenlik ağı, 4mm · 5×5 renkli",https://i.hizliresim.com/487ea0g.jpg,turuncu güvenlik file,Turuncu Güvenlik File 2x2 m | Güvenlik Ağı,"Turuncu Güvenlik File 2x2 m ürün, yüksek görünürlük isteyen alanlarda dikkat çekici koruma ağı çözümü sunar. 4mm · 5×5 Renkli teknik yapısı ve hazır ölçü seçe","turuncu güvenlik file, 2x2 m, güvenlik ağı, turuncu, hazır ölçü file",Ölçü,2x2 m,1,0,Teknik Özellik,4mm · 5×5 Renkli,1,0,Renk,Turuncu,1,0
simple,TUR-200x300,Turuncu Güvenlik File 2x3 m,turuncu-guvenlik-file-2x3,1,0,visible,"Turuncu Güvenlik File 2x3 m, yüksek görünürlük isteyen alanlarda dikkat çekici koruma ağı çözümü sunar. Teknik yapı: 4mm · 5×5 Renkli. Renk: Turuncu.","Turuncu Güvenlik File 2x3 m, yüksek görünürlük isteyen alanlarda dikkat çekici koruma ağı çözümü sunar.

Ürün Özellikleri
• Ölçü: 2x3 m
• Teknik yapı: 4mm · 5×5 Renkli
• Renk: Turuncu
• Hazır kesim ürün
• Kullanıma uygun alanlar: balkon, pencere, teras, merdiven boşluğu gibi koruma gereken bölgeler

Kullanım Alanları
• şantiye çevresi
• geçici alan ayırma
• uyarı amaçlı koruma

Fiyat Bilgisi
• Alan: 6.00 m²
• Birim fiyat: 105.00 TL/m²
• Ürün fiyatı: 630.00 TL
",taxable,1,500,630.00,File Ürünleri > Turuncu Güvenlik File,"turuncu güvenlik file, 2x3 m, turuncu güvenlik file, turuncu, güvenlik ağı, 4mm · 5×5 renkli",https://i.hizliresim.com/487ea0g.jpg,turuncu güvenlik file,Turuncu Güvenlik File 2x3 m | Güvenlik Ağı,"Turuncu Güvenlik File 2x3 m ürün, yüksek görünürlük isteyen alanlarda dikkat çekici koruma ağı çözümü sunar. 4mm · 5×5 Renkli teknik yapısı ve hazır ölçü seçe","turuncu güvenlik file, 2x3 m, güvenlik ağı, turuncu, hazır ölçü file",Ölçü,2x3 m,1,0,Teknik Özellik,4mm · 5×5 Renkli,1,0,Renk,Turuncu,1,0
simple,TUR-200x400,Turuncu Güvenlik File 2x4 m,turuncu-guvenlik-file-2x4,1,0,visible,"Turuncu Güvenlik File 2x4 m, yüksek görünürlük isteyen alanlarda dikkat çekici koruma ağı çözümü sunar. Teknik yapı: 4mm · 5×5 Renkli. Renk: Turuncu.","Turuncu Güvenlik File 2x4 m, yüksek görünürlük isteyen alanlarda dikkat çekici koruma ağı çözümü sunar.

Ürün Özellikleri
• Ölçü: 2x4 m
• Teknik yapı: 4mm · 5×5 Renkli
• Renk: Turuncu
• Hazır kesim ürün
• Kullanıma uygun alanlar: balkon, pencere, teras, merdiven boşluğu gibi koruma gereken bölgeler

Kullanım Alanları
• şantiye çevresi
• geçici alan ayırma
• uyarı amaçlı koruma

Fiyat Bilgisi
• Alan: 8.00 m²
• Birim fiyat: 105.00 TL/m²
• Ürün fiyatı: 840.00 TL
",taxable,1,500,840.00,File Ürünleri > Turuncu Güvenlik File,"turuncu güvenlik file, 2x4 m, turuncu güvenlik file, turuncu, güvenlik ağı, 4mm · 5×5 renkli",https://i.hizliresim.com/487ea0g.jpg,turuncu güvenlik file,Turuncu Güvenlik File 2x4 m | Güvenlik Ağı,"Turuncu Güvenlik File 2x4 m ürün, yüksek görünürlük isteyen alanlarda dikkat çekici koruma ağı çözümü sunar. 4mm · 5×5 Renkli teknik yapısı ve hazır ölçü seçe","turuncu güvenlik file, 2x4 m, güvenlik ağı, turuncu, hazır ölçü file",Ölçü,2x4 m,1,0,Teknik Özellik,4mm · 5×5 Renkli,1,0,Renk,Turuncu,1,0
simple,TUR-200x500,Turuncu Güvenlik File 2x5 m,turuncu-guvenlik-file-2x5,1,0,visible,"Turuncu Güvenlik File 2x5 m, yüksek görünürlük isteyen alanlarda dikkat çekici koruma ağı çözümü sunar. Teknik yapı: 4mm · 5×5 Renkli. Renk: Turuncu.","Turuncu Güvenlik File 2x5 m, yüksek görünürlük isteyen alanlarda dikkat çekici koruma ağı çözümü sunar.

Ürün Özellikleri
• Ölçü: 2x5 m
• Teknik yapı: 4mm · 5×5 Renkli
• Renk: Turuncu
• Hazır kesim ürün
• Kullanıma uygun alanlar: balkon, pencere, teras, merdiven boşluğu gibi koruma gereken bölgeler

Kullanım Alanları
• şantiye çevresi
• geçici alan ayırma
• uyarı amaçlı koruma

Fiyat Bilgisi
• Alan: 10.00 m²
• Birim fiyat: 105.00 TL/m²
• Ürün fiyatı: 1050.00 TL
",taxable,1,500,1050.00,File Ürünleri > Turuncu Güvenlik File,"turuncu güvenlik file, 2x5 m, turuncu güvenlik file, turuncu, güvenlik ağı, 4mm · 5×5 renkli",https://i.hizliresim.com/487ea0g.jpg,turuncu güvenlik file,Turuncu Güvenlik File 2x5 m | Güvenlik Ağı,"Turuncu Güvenlik File 2x5 m ürün, yüksek görünürlük isteyen alanlarda dikkat çekici koruma ağı çözümü sunar. 4mm · 5×5 Renkli teknik yapısı ve hazır ölçü seçe","turuncu güvenlik file, 2x5 m, güvenlik ağı, turuncu, hazır ölçü file",Ölçü,2x5 m,1,0,Teknik Özellik,4mm · 5×5 Renkli,1,0,Renk,Turuncu,1,0
simple,TUR-300x500,Turuncu Güvenlik File 3x5 m,turuncu-guvenlik-file-3x5,1,0,visible,"Turuncu Güvenlik File 3x5 m, yüksek görünürlük isteyen alanlarda dikkat çekici koruma ağı çözümü sunar. Teknik yapı: 4mm · 5×5 Renkli. Renk: Turuncu.","Turuncu Güvenlik File 3x5 m, yüksek görünürlük isteyen alanlarda dikkat çekici koruma ağı çözümü sunar.

Ürün Özellikleri
• Ölçü: 3x5 m
• Teknik yapı: 4mm · 5×5 Renkli
• Renk: Turuncu
• Hazır kesim ürün
• Kullanıma uygun alanlar: balkon, pencere, teras, merdiven boşluğu gibi koruma gereken bölgeler

Kullanım Alanları
• şantiye çevresi
• geçici alan ayırma
• uyarı amaçlı koruma

Fiyat Bilgisi
• Alan: 15.00 m²
• Birim fiyat: 105.00 TL/m²
• Ürün fiyatı: 1575.00 TL
",taxable,1,500,1575.00,File Ürünleri > Turuncu Güvenlik File,"turuncu güvenlik file, 3x5 m, turuncu güvenlik file, turuncu, güvenlik ağı, 4mm · 5×5 renkli",https://i.hizliresim.com/487ea0g.jpg,turuncu güvenlik file,Turuncu Güvenlik File 3x5 m | Güvenlik Ağı,"Turuncu Güvenlik File 3x5 m ürün, yüksek görünürlük isteyen alanlarda dikkat çekici koruma ağı çözümü sunar. 4mm · 5×5 Renkli teknik yapısı ve hazır ölçü seçe","turuncu güvenlik file, 3x5 m, güvenlik ağı, turuncu, hazır ölçü file",Ölçü,3x5 m,1,0,Teknik Özellik,4mm · 5×5 Renkli,1,0,Renk,Turuncu,1,0
simple,TUR-OZEL,Turuncu Güvenlik File Özel Ölçü,turuncu-guvenlik-file-ozel-olcu,1,0,visible,Turuncu Güvenlik File özel ölçü sipariş ürünü. 1 m² baz fiyat 105.00 TL. Teknik yapı: 4mm · 5×5 Renkli. Renk: Turuncu.,"Turuncu Güvenlik File özel ölçü sipariş ürünü, yüksek görünürlük isteyen alanlarda dikkat çekici koruma ağı çözümü sunar.

Ürün Özellikleri
• Ölçü: Özel ölçü
• Teknik yapı: 4mm · 5×5 Renkli
• Renk: Turuncu
• 1 m² baz fiyat ile listelenmiştir
• İhtiyaca göre en ve boy bilgisiyle siparişe uygundur

Kullanım Alanları
• şantiye çevresi
• geçici alan ayırma
• uyarı amaçlı koruma

Fiyat Bilgisi
• 1 m² baz fiyat: 105.00 TL
• Toplam fiyat: genişlik × yükseklik × birim fiyat
",taxable,1,500,105.00,File Ürünleri > Turuncu Güvenlik File,"turuncu güvenlik file, özel ölçü, turuncu güvenlik file, turuncu, güvenlik ağı",https://i.hizliresim.com/487ea0g.jpg,turuncu güvenlik file özel ölçü,Turuncu Güvenlik File Özel Ölçü | m² Baz Fiyat,"Turuncu Güvenlik File özel ölçü sipariş ürünü. 1 m² baz fiyat, 4mm · 5×5 Renkli teknik yapı ve ihtiyaca göre en-boy seçeneği ile hazırlanır.","turuncu güvenlik file, özel ölçü file, m2 baz fiyat, turuncu",Ölçü,Özel ölçü,1,0,Teknik Özellik,4mm · 5×5 Renkli,1,0,Renk,Turuncu,1,0
simple,MAV-200x200,Mavi Güvenlik File 2x2 m,mavi-guvenlik-file-2x2,1,0,visible,"Mavi Güvenlik File 2x2 m, renkli ve düzenli görünüm isteyen alanlarda koruma amacıyla kullanılan ağdır. Teknik yapı: 4mm · 5×5 Renkli. Renk: Mavi.","Mavi Güvenlik File 2x2 m, renkli ve düzenli görünüm isteyen alanlarda koruma amacıyla kullanılan ağdır.

Ürün Özellikleri
• Ölçü: 2x2 m
• Teknik yapı: 4mm · 5×5 Renkli
• Renk: Mavi
• Hazır kesim ürün
• Kullanıma uygun alanlar: balkon, pencere, teras, merdiven boşluğu gibi koruma gereken bölgeler

Kullanım Alanları
• alan sınırlandırma
• koruma bölmesi
• renkli güvenlik uygulaması

Fiyat Bilgisi
• Alan: 4.00 m²
• Birim fiyat: 105.00 TL/m²
• Ürün fiyatı: 420.00 TL
",taxable,1,500,420.00,File Ürünleri > Mavi Güvenlik File,"mavi güvenlik file, 2x2 m, mavi güvenlik file, mavi, güvenlik ağı, 4mm · 5×5 renkli",https://i.hizliresim.com/487ea0g.jpg,mavi güvenlik file,Mavi Güvenlik File 2x2 m | Güvenlik Ağı,"Mavi Güvenlik File 2x2 m ürün, renkli ve düzenli görünüm isteyen alanlarda koruma amacıyla kullanılan ağdır. 4mm · 5×5 Renkli teknik yapısı ve hazır ölçü seçe","mavi güvenlik file, 2x2 m, güvenlik ağı, mavi, hazır ölçü file",Ölçü,2x2 m,1,0,Teknik Özellik,4mm · 5×5 Renkli,1,0,Renk,Mavi,1,0
simple,MAV-200x300,Mavi Güvenlik File 2x3 m,mavi-guvenlik-file-2x3,1,0,visible,"Mavi Güvenlik File 2x3 m, renkli ve düzenli görünüm isteyen alanlarda koruma amacıyla kullanılan ağdır. Teknik yapı: 4mm · 5×5 Renkli. Renk: Mavi.","Mavi Güvenlik File 2x3 m, renkli ve düzenli görünüm isteyen alanlarda koruma amacıyla kullanılan ağdır.

Ürün Özellikleri
• Ölçü: 2x3 m
• Teknik yapı: 4mm · 5×5 Renkli
• Renk: Mavi
• Hazır kesim ürün
• Kullanıma uygun alanlar: balkon, pencere, teras, merdiven boşluğu gibi koruma gereken bölgeler

Kullanım Alanları
• alan sınırlandırma
• koruma bölmesi
• renkli güvenlik uygulaması

Fiyat Bilgisi
• Alan: 6.00 m²
• Birim fiyat: 105.00 TL/m²
• Ürün fiyatı: 630.00 TL
",taxable,1,500,630.00,File Ürünleri > Mavi Güvenlik File,"mavi güvenlik file, 2x3 m, mavi güvenlik file, mavi, güvenlik ağı, 4mm · 5×5 renkli",https://i.hizliresim.com/487ea0g.jpg,mavi güvenlik file,Mavi Güvenlik File 2x3 m | Güvenlik Ağı,"Mavi Güvenlik File 2x3 m ürün, renkli ve düzenli görünüm isteyen alanlarda koruma amacıyla kullanılan ağdır. 4mm · 5×5 Renkli teknik yapısı ve hazır ölçü seçe","mavi güvenlik file, 2x3 m, güvenlik ağı, mavi, hazır ölçü file",Ölçü,2x3 m,1,0,Teknik Özellik,4mm · 5×5 Renkli,1,0,Renk,Mavi,1,0
simple,MAV-200x400,Mavi Güvenlik File 2x4 m,mavi-guvenlik-file-2x4,1,0,visible,"Mavi Güvenlik File 2x4 m, renkli ve düzenli görünüm isteyen alanlarda koruma amacıyla kullanılan ağdır. Teknik yapı: 4mm · 5×5 Renkli. Renk: Mavi.","Mavi Güvenlik File 2x4 m, renkli ve düzenli görünüm isteyen alanlarda koruma amacıyla kullanılan ağdır.

Ürün Özellikleri
• Ölçü: 2x4 m
• Teknik yapı: 4mm · 5×5 Renkli
• Renk: Mavi
• Hazır kesim ürün
• Kullanıma uygun alanlar: balkon, pencere, teras, merdiven boşluğu gibi koruma gereken bölgeler

Kullanım Alanları
• alan sınırlandırma
• koruma bölmesi
• renkli güvenlik uygulaması

Fiyat Bilgisi
• Alan: 8.00 m²
• Birim fiyat: 105.00 TL/m²
• Ürün fiyatı: 840.00 TL
",taxable,1,500,840.00,File Ürünleri > Mavi Güvenlik File,"mavi güvenlik file, 2x4 m, mavi güvenlik file, mavi, güvenlik ağı, 4mm · 5×5 renkli",https://i.hizliresim.com/487ea0g.jpg,mavi güvenlik file,Mavi Güvenlik File 2x4 m | Güvenlik Ağı,"Mavi Güvenlik File 2x4 m ürün, renkli ve düzenli görünüm isteyen alanlarda koruma amacıyla kullanılan ağdır. 4mm · 5×5 Renkli teknik yapısı ve hazır ölçü seçe","mavi güvenlik file, 2x4 m, güvenlik ağı, mavi, hazır ölçü file",Ölçü,2x4 m,1,0,Teknik Özellik,4mm · 5×5 Renkli,1,0,Renk,Mavi,1,0
simple,MAV-200x500,Mavi Güvenlik File 2x5 m,mavi-guvenlik-file-2x5,1,0,visible,"Mavi Güvenlik File 2x5 m, renkli ve düzenli görünüm isteyen alanlarda koruma amacıyla kullanılan ağdır. Teknik yapı: 4mm · 5×5 Renkli. Renk: Mavi.","Mavi Güvenlik File 2x5 m, renkli ve düzenli görünüm isteyen alanlarda koruma amacıyla kullanılan ağdır.

Ürün Özellikleri
• Ölçü: 2x5 m
• Teknik yapı: 4mm · 5×5 Renkli
• Renk: Mavi
• Hazır kesim ürün
• Kullanıma uygun alanlar: balkon, pencere, teras, merdiven boşluğu gibi koruma gereken bölgeler

Kullanım Alanları
• alan sınırlandırma
• koruma bölmesi
• renkli güvenlik uygulaması

Fiyat Bilgisi
• Alan: 10.00 m²
• Birim fiyat: 105.00 TL/m²
• Ürün fiyatı: 1050.00 TL
",taxable,1,500,1050.00,File Ürünleri > Mavi Güvenlik File,"mavi güvenlik file, 2x5 m, mavi güvenlik file, mavi, güvenlik ağı, 4mm · 5×5 renkli",https://i.hizliresim.com/487ea0g.jpg,mavi güvenlik file,Mavi Güvenlik File 2x5 m | Güvenlik Ağı,"Mavi Güvenlik File 2x5 m ürün, renkli ve düzenli görünüm isteyen alanlarda koruma amacıyla kullanılan ağdır. 4mm · 5×5 Renkli teknik yapısı ve hazır ölçü seçe","mavi güvenlik file, 2x5 m, güvenlik ağı, mavi, hazır ölçü file",Ölçü,2x5 m,1,0,Teknik Özellik,4mm · 5×5 Renkli,1,0,Renk,Mavi,1,0
simple,MAV-300x500,Mavi Güvenlik File 3x5 m,mavi-guvenlik-file-3x5,1,0,visible,"Mavi Güvenlik File 3x5 m, renkli ve düzenli görünüm isteyen alanlarda koruma amacıyla kullanılan ağdır. Teknik yapı: 4mm · 5×5 Renkli. Renk: Mavi.","Mavi Güvenlik File 3x5 m, renkli ve düzenli görünüm isteyen alanlarda koruma amacıyla kullanılan ağdır.

Ürün Özellikleri
• Ölçü: 3x5 m
• Teknik yapı: 4mm · 5×5 Renkli
• Renk: Mavi
• Hazır kesim ürün
• Kullanıma uygun alanlar: balkon, pencere, teras, merdiven boşluğu gibi koruma gereken bölgeler

Kullanım Alanları
• alan sınırlandırma
• koruma bölmesi
• renkli güvenlik uygulaması

Fiyat Bilgisi
• Alan: 15.00 m²
• Birim fiyat: 105.00 TL/m²
• Ürün fiyatı: 1575.00 TL
",taxable,1,500,1575.00,File Ürünleri > Mavi Güvenlik File,"mavi güvenlik file, 3x5 m, mavi güvenlik file, mavi, güvenlik ağı, 4mm · 5×5 renkli",https://i.hizliresim.com/487ea0g.jpg,mavi güvenlik file,Mavi Güvenlik File 3x5 m | Güvenlik Ağı,"Mavi Güvenlik File 3x5 m ürün, renkli ve düzenli görünüm isteyen alanlarda koruma amacıyla kullanılan ağdır. 4mm · 5×5 Renkli teknik yapısı ve hazır ölçü seçe","mavi güvenlik file, 3x5 m, güvenlik ağı, mavi, hazır ölçü file",Ölçü,3x5 m,1,0,Teknik Özellik,4mm · 5×5 Renkli,1,0,Renk,Mavi,1,0
simple,MAV-OZEL,Mavi Güvenlik File Özel Ölçü,mavi-guvenlik-file-ozel-olcu,1,0,visible,Mavi Güvenlik File özel ölçü sipariş ürünü. 1 m² baz fiyat 105.00 TL. Teknik yapı: 4mm · 5×5 Renkli. Renk: Mavi.,"Mavi Güvenlik File özel ölçü sipariş ürünü, renkli ve düzenli görünüm isteyen alanlarda koruma amacıyla kullanılan ağdır.

Ürün Özellikleri
• Ölçü: Özel ölçü
• Teknik yapı: 4mm · 5×5 Renkli
• Renk: Mavi
• 1 m² baz fiyat ile listelenmiştir
• İhtiyaca göre en ve boy bilgisiyle siparişe uygundur

Kullanım Alanları
• alan sınırlandırma
• koruma bölmesi
• renkli güvenlik uygulaması

Fiyat Bilgisi
• 1 m² baz fiyat: 105.00 TL
• Toplam fiyat: genişlik × yükseklik × birim fiyat
",taxable,1,500,105.00,File Ürünleri > Mavi Güvenlik File,"mavi güvenlik file, özel ölçü, mavi güvenlik file, mavi, güvenlik ağı",https://i.hizliresim.com/487ea0g.jpg,mavi güvenlik file özel ölçü,Mavi Güvenlik File Özel Ölçü | m² Baz Fiyat,"Mavi Güvenlik File özel ölçü sipariş ürünü. 1 m² baz fiyat, 4mm · 5×5 Renkli teknik yapı ve ihtiyaca göre en-boy seçeneği ile hazırlanır.","mavi güvenlik file, özel ölçü file, m2 baz fiyat, mavi",Ölçü,Özel ölçü,1,0,Teknik Özellik,4mm · 5×5 Renkli,1,0,Renk,Mavi,1,0
simple,SAR-200x200,Sarı Güvenlik File 2x2 m,sari-guvenlik-file-2x2,1,0,visible,"Sarı Güvenlik File 2x2 m, dikkat gerektiren alanlarda görünür koruma ağı çözümü sağlar. Teknik yapı: 4mm · 5×5 Renkli. Renk: Sarı.","Sarı Güvenlik File 2x2 m, dikkat gerektiren alanlarda görünür koruma ağı çözümü sağlar.

Ürün Özellikleri
• Ölçü: 2x2 m
• Teknik yapı: 4mm · 5×5 Renkli
• Renk: Sarı
• Hazır kesim ürün
• Kullanıma uygun alanlar: balkon, pencere, teras, merdiven boşluğu gibi koruma gereken bölgeler

Kullanım Alanları
• uyarı hattı
• çevre koruması
• geçici bölme

Fiyat Bilgisi
• Alan: 4.00 m²
• Birim fiyat: 105.00 TL/m²
• Ürün fiyatı: 420.00 TL
",taxable,1,500,420.00,File Ürünleri > Sarı Güvenlik File,"sarı güvenlik file, 2x2 m, sarı güvenlik file, sarı, güvenlik ağı, 4mm · 5×5 renkli",https://i.hizliresim.com/487ea0g.jpg,sarı güvenlik file,Sarı Güvenlik File 2x2 m | Güvenlik Ağı,"Sarı Güvenlik File 2x2 m ürün, dikkat gerektiren alanlarda görünür koruma ağı çözümü sağlar. 4mm · 5×5 Renkli teknik yapısı ve hazır ölçü seçeneği ile pratik ","sarı güvenlik file, 2x2 m, güvenlik ağı, sarı, hazır ölçü file",Ölçü,2x2 m,1,0,Teknik Özellik,4mm · 5×5 Renkli,1,0,Renk,Sarı,1,0
simple,SAR-200x300,Sarı Güvenlik File 2x3 m,sari-guvenlik-file-2x3,1,0,visible,"Sarı Güvenlik File 2x3 m, dikkat gerektiren alanlarda görünür koruma ağı çözümü sağlar. Teknik yapı: 4mm · 5×5 Renkli. Renk: Sarı.","Sarı Güvenlik File 2x3 m, dikkat gerektiren alanlarda görünür koruma ağı çözümü sağlar.

Ürün Özellikleri
• Ölçü: 2x3 m
• Teknik yapı: 4mm · 5×5 Renkli
• Renk: Sarı
• Hazır kesim ürün
• Kullanıma uygun alanlar: balkon, pencere, teras, merdiven boşluğu gibi koruma gereken bölgeler

Kullanım Alanları
• uyarı hattı
• çevre koruması
• geçici bölme

Fiyat Bilgisi
• Alan: 6.00 m²
• Birim fiyat: 105.00 TL/m²
• Ürün fiyatı: 630.00 TL
",taxable,1,500,630.00,File Ürünleri > Sarı Güvenlik File,"sarı güvenlik file, 2x3 m, sarı güvenlik file, sarı, güvenlik ağı, 4mm · 5×5 renkli",https://i.hizliresim.com/487ea0g.jpg,sarı güvenlik file,Sarı Güvenlik File 2x3 m | Güvenlik Ağı,"Sarı Güvenlik File 2x3 m ürün, dikkat gerektiren alanlarda görünür koruma ağı çözümü sağlar. 4mm · 5×5 Renkli teknik yapısı ve hazır ölçü seçeneği ile pratik ","sarı güvenlik file, 2x3 m, güvenlik ağı, sarı, hazır ölçü file",Ölçü,2x3 m,1,0,Teknik Özellik,4mm · 5×5 Renkli,1,0,Renk,Sarı,1,0
simple,SAR-200x400,Sarı Güvenlik File 2x4 m,sari-guvenlik-file-2x4,1,0,visible,"Sarı Güvenlik File 2x4 m, dikkat gerektiren alanlarda görünür koruma ağı çözümü sağlar. Teknik yapı: 4mm · 5×5 Renkli. Renk: Sarı.","Sarı Güvenlik File 2x4 m, dikkat gerektiren alanlarda görünür koruma ağı çözümü sağlar.

Ürün Özellikleri
• Ölçü: 2x4 m
• Teknik yapı: 4mm · 5×5 Renkli
• Renk: Sarı
• Hazır kesim ürün
• Kullanıma uygun alanlar: balkon, pencere, teras, merdiven boşluğu gibi koruma gereken bölgeler

Kullanım Alanları
• uyarı hattı
• çevre koruması
• geçici bölme

Fiyat Bilgisi
• Alan: 8.00 m²
• Birim fiyat: 105.00 TL/m²
• Ürün fiyatı: 840.00 TL
",taxable,1,500,840.00,File Ürünleri > Sarı Güvenlik File,"sarı güvenlik file, 2x4 m, sarı güvenlik file, sarı, güvenlik ağı, 4mm · 5×5 renkli",https://i.hizliresim.com/487ea0g.jpg,sarı güvenlik file,Sarı Güvenlik File 2x4 m | Güvenlik Ağı,"Sarı Güvenlik File 2x4 m ürün, dikkat gerektiren alanlarda görünür koruma ağı çözümü sağlar. 4mm · 5×5 Renkli teknik yapısı ve hazır ölçü seçeneği ile pratik ","sarı güvenlik file, 2x4 m, güvenlik ağı, sarı, hazır ölçü file",Ölçü,2x4 m,1,0,Teknik Özellik,4mm · 5×5 Renkli,1,0,Renk,Sarı,1,0
simple,SAR-200x500,Sarı Güvenlik File 2x5 m,sari-guvenlik-file-2x5,1,0,visible,"Sarı Güvenlik File 2x5 m, dikkat gerektiren alanlarda görünür koruma ağı çözümü sağlar. Teknik yapı: 4mm · 5×5 Renkli. Renk: Sarı.","Sarı Güvenlik File 2x5 m, dikkat gerektiren alanlarda görünür koruma ağı çözümü sağlar.

Ürün Özellikleri
• Ölçü: 2x5 m
• Teknik yapı: 4mm · 5×5 Renkli
• Renk: Sarı
• Hazır kesim ürün
• Kullanıma uygun alanlar: balkon, pencere, teras, merdiven boşluğu gibi koruma gereken bölgeler

Kullanım Alanları
• uyarı hattı
• çevre koruması
• geçici bölme

Fiyat Bilgisi
• Alan: 10.00 m²
• Birim fiyat: 105.00 TL/m²
• Ürün fiyatı: 1050.00 TL
",taxable,1,500,1050.00,File Ürünleri > Sarı Güvenlik File,"sarı güvenlik file, 2x5 m, sarı güvenlik file, sarı, güvenlik ağı, 4mm · 5×5 renkli",https://i.hizliresim.com/487ea0g.jpg,sarı güvenlik file,Sarı Güvenlik File 2x5 m | Güvenlik Ağı,"Sarı Güvenlik File 2x5 m ürün, dikkat gerektiren alanlarda görünür koruma ağı çözümü sağlar. 4mm · 5×5 Renkli teknik yapısı ve hazır ölçü seçeneği ile pratik ","sarı güvenlik file, 2x5 m, güvenlik ağı, sarı, hazır ölçü file",Ölçü,2x5 m,1,0,Teknik Özellik,4mm · 5×5 Renkli,1,0,Renk,Sarı,1,0
simple,SAR-300x500,Sarı Güvenlik File 3x5 m,sari-guvenlik-file-3x5,1,0,visible,"Sarı Güvenlik File 3x5 m, dikkat gerektiren alanlarda görünür koruma ağı çözümü sağlar. Teknik yapı: 4mm · 5×5 Renkli. Renk: Sarı.","Sarı Güvenlik File 3x5 m, dikkat gerektiren alanlarda görünür koruma ağı çözümü sağlar.

Ürün Özellikleri
• Ölçü: 3x5 m
• Teknik yapı: 4mm · 5×5 Renkli
• Renk: Sarı
• Hazır kesim ürün
• Kullanıma uygun alanlar: balkon, pencere, teras, merdiven boşluğu gibi koruma gereken bölgeler

Kullanım Alanları
• uyarı hattı
• çevre koruması
• geçici bölme

Fiyat Bilgisi
• Alan: 15.00 m²
• Birim fiyat: 105.00 TL/m²
• Ürün fiyatı: 1575.00 TL
",taxable,1,500,1575.00,File Ürünleri > Sarı Güvenlik File,"sarı güvenlik file, 3x5 m, sarı güvenlik file, sarı, güvenlik ağı, 4mm · 5×5 renkli",https://i.hizliresim.com/487ea0g.jpg,sarı güvenlik file,Sarı Güvenlik File 3x5 m | Güvenlik Ağı,"Sarı Güvenlik File 3x5 m ürün, dikkat gerektiren alanlarda görünür koruma ağı çözümü sağlar. 4mm · 5×5 Renkli teknik yapısı ve hazır ölçü seçeneği ile pratik ","sarı güvenlik file, 3x5 m, güvenlik ağı, sarı, hazır ölçü file",Ölçü,3x5 m,1,0,Teknik Özellik,4mm · 5×5 Renkli,1,0,Renk,Sarı,1,0
simple,SAR-OZEL,Sarı Güvenlik File Özel Ölçü,sari-guvenlik-file-ozel-olcu,1,0,visible,Sarı Güvenlik File özel ölçü sipariş ürünü. 1 m² baz fiyat 105.00 TL. Teknik yapı: 4mm · 5×5 Renkli. Renk: Sarı.,"Sarı Güvenlik File özel ölçü sipariş ürünü, dikkat gerektiren alanlarda görünür koruma ağı çözümü sağlar.

Ürün Özellikleri
• Ölçü: Özel ölçü
• Teknik yapı: 4mm · 5×5 Renkli
• Renk: Sarı
• 1 m² baz fiyat ile listelenmiştir
• İhtiyaca göre en ve boy bilgisiyle siparişe uygundur

Kullanım Alanları
• uyarı hattı
• çevre koruması
• geçici bölme

Fiyat Bilgisi
• 1 m² baz fiyat: 105.00 TL
• Toplam fiyat: genişlik × yükseklik × birim fiyat
",taxable,1,500,105.00,File Ürünleri > Sarı Güvenlik File,"sarı güvenlik file, özel ölçü, sarı güvenlik file, sarı, güvenlik ağı",https://i.hizliresim.com/487ea0g.jpg,sarı güvenlik file özel ölçü,Sarı Güvenlik File Özel Ölçü | m² Baz Fiyat,"Sarı Güvenlik File özel ölçü sipariş ürünü. 1 m² baz fiyat, 4mm · 5×5 Renkli teknik yapı ve ihtiyaca göre en-boy seçeneği ile hazırlanır.","sarı güvenlik file, özel ölçü file, m2 baz fiyat, sarı",Ölçü,Özel ölçü,1,0,Teknik Özellik,4mm · 5×5 Renkli,1,0,Renk,Sarı,1,0
simple,YES-200x200,Yeşil Güvenlik File 2x2 m,yesil-guvenlik-file-2x2,1,0,visible,"Yeşil Güvenlik File 2x2 m, çevreye uyumlu görünüm isteyen projelerde koruma amacıyla tercih edilir. Teknik yapı: 4mm · 5×5 Renkli. Renk: Yeşil.","Yeşil Güvenlik File 2x2 m, çevreye uyumlu görünüm isteyen projelerde koruma amacıyla tercih edilir.

Ürün Özellikleri
• Ölçü: 2x2 m
• Teknik yapı: 4mm · 5×5 Renkli
• Renk: Yeşil
• Hazır kesim ürün
• Kullanıma uygun alanlar: balkon, pencere, teras, merdiven boşluğu gibi koruma gereken bölgeler

Kullanım Alanları
• bahçe bölme
• çevre koruması
• alan ayırma

Fiyat Bilgisi
• Alan: 4.00 m²
• Birim fiyat: 105.00 TL/m²
• Ürün fiyatı: 420.00 TL
",taxable,1,500,420.00,File Ürünleri > Yeşil Güvenlik File,"yeşil güvenlik file, 2x2 m, yeşil güvenlik file, yeşil, güvenlik ağı, 4mm · 5×5 renkli",https://i.hizliresim.com/487ea0g.jpg,yeşil güvenlik file,Yeşil Güvenlik File 2x2 m | Güvenlik Ağı,"Yeşil Güvenlik File 2x2 m ürün, çevreye uyumlu görünüm isteyen projelerde koruma amacıyla tercih edilir. 4mm · 5×5 Renkli teknik yapısı ve hazır ölçü seçeneği","yeşil güvenlik file, 2x2 m, güvenlik ağı, yeşil, hazır ölçü file",Ölçü,2x2 m,1,0,Teknik Özellik,4mm · 5×5 Renkli,1,0,Renk,Yeşil,1,0
simple,YES-200x300,Yeşil Güvenlik File 2x3 m,yesil-guvenlik-file-2x3,1,0,visible,"Yeşil Güvenlik File 2x3 m, çevreye uyumlu görünüm isteyen projelerde koruma amacıyla tercih edilir. Teknik yapı: 4mm · 5×5 Renkli. Renk: Yeşil.","Yeşil Güvenlik File 2x3 m, çevreye uyumlu görünüm isteyen projelerde koruma amacıyla tercih edilir.

Ürün Özellikleri
• Ölçü: 2x3 m
• Teknik yapı: 4mm · 5×5 Renkli
• Renk: Yeşil
• Hazır kesim ürün
• Kullanıma uygun alanlar: balkon, pencere, teras, merdiven boşluğu gibi koruma gereken bölgeler

Kullanım Alanları
• bahçe bölme
• çevre koruması
• alan ayırma

Fiyat Bilgisi
• Alan: 6.00 m²
• Birim fiyat: 105.00 TL/m²
• Ürün fiyatı: 630.00 TL
",taxable,1,500,630.00,File Ürünleri > Yeşil Güvenlik File,"yeşil güvenlik file, 2x3 m, yeşil güvenlik file, yeşil, güvenlik ağı, 4mm · 5×5 renkli",https://i.hizliresim.com/487ea0g.jpg,yeşil güvenlik file,Yeşil Güvenlik File 2x3 m | Güvenlik Ağı,"Yeşil Güvenlik File 2x3 m ürün, çevreye uyumlu görünüm isteyen projelerde koruma amacıyla tercih edilir. 4mm · 5×5 Renkli teknik yapısı ve hazır ölçü seçeneği","yeşil güvenlik file, 2x3 m, güvenlik ağı, yeşil, hazır ölçü file",Ölçü,2x3 m,1,0,Teknik Özellik,4mm · 5×5 Renkli,1,0,Renk,Yeşil,1,0
simple,YES-200x400,Yeşil Güvenlik File 2x4 m,yesil-guvenlik-file-2x4,1,0,visible,"Yeşil Güvenlik File 2x4 m, çevreye uyumlu görünüm isteyen projelerde koruma amacıyla tercih edilir. Teknik yapı: 4mm · 5×5 Renkli. Renk: Yeşil.","Yeşil Güvenlik File 2x4 m, çevreye uyumlu görünüm isteyen projelerde koruma amacıyla tercih edilir.

Ürün Özellikleri
• Ölçü: 2x4 m
• Teknik yapı: 4mm · 5×5 Renkli
• Renk: Yeşil
• Hazır kesim ürün
• Kullanıma uygun alanlar: balkon, pencere, teras, merdiven boşluğu gibi koruma gereken bölgeler

Kullanım Alanları
• bahçe bölme
• çevre koruması
• alan ayırma

Fiyat Bilgisi
• Alan: 8.00 m²
• Birim fiyat: 105.00 TL/m²
• Ürün fiyatı: 840.00 TL
",taxable,1,500,840.00,File Ürünleri > Yeşil Güvenlik File,"yeşil güvenlik file, 2x4 m, yeşil güvenlik file, yeşil, güvenlik ağı, 4mm · 5×5 renkli",https://i.hizliresim.com/487ea0g.jpg,yeşil güvenlik file,Yeşil Güvenlik File 2x4 m | Güvenlik Ağı,"Yeşil Güvenlik File 2x4 m ürün, çevreye uyumlu görünüm isteyen projelerde koruma amacıyla tercih edilir. 4mm · 5×5 Renkli teknik yapısı ve hazır ölçü seçeneği","yeşil güvenlik file, 2x4 m, güvenlik ağı, yeşil, hazır ölçü file",Ölçü,2x4 m,1,0,Teknik Özellik,4mm · 5×5 Renkli,1,0,Renk,Yeşil,1,0
simple,YES-200x500,Yeşil Güvenlik File 2x5 m,yesil-guvenlik-file-2x5,1,0,visible,"Yeşil Güvenlik File 2x5 m, çevreye uyumlu görünüm isteyen projelerde koruma amacıyla tercih edilir. Teknik yapı: 4mm · 5×5 Renkli. Renk: Yeşil.","Yeşil Güvenlik File 2x5 m, çevreye uyumlu görünüm isteyen projelerde koruma amacıyla tercih edilir.

Ürün Özellikleri
• Ölçü: 2x5 m
• Teknik yapı: 4mm · 5×5 Renkli
• Renk: Yeşil
• Hazır kesim ürün
• Kullanıma uygun alanlar: balkon, pencere, teras, merdiven boşluğu gibi koruma gereken bölgeler

Kullanım Alanları
• bahçe bölme
• çevre koruması
• alan ayırma

Fiyat Bilgisi
• Alan: 10.00 m²
• Birim fiyat: 105.00 TL/m²
• Ürün fiyatı: 1050.00 TL
",taxable,1,500,1050.00,File Ürünleri > Yeşil Güvenlik File,"yeşil güvenlik file, 2x5 m, yeşil güvenlik file, yeşil, güvenlik ağı, 4mm · 5×5 renkli",https://i.hizliresim.com/487ea0g.jpg,yeşil güvenlik file,Yeşil Güvenlik File 2x5 m | Güvenlik Ağı,"Yeşil Güvenlik File 2x5 m ürün, çevreye uyumlu görünüm isteyen projelerde koruma amacıyla tercih edilir. 4mm · 5×5 Renkli teknik yapısı ve hazır ölçü seçeneği","yeşil güvenlik file, 2x5 m, güvenlik ağı, yeşil, hazır ölçü file",Ölçü,2x5 m,1,0,Teknik Özellik,4mm · 5×5 Renkli,1,0,Renk,Yeşil,1,0
simple,YES-300x500,Yeşil Güvenlik File 3x5 m,yesil-guvenlik-file-3x5,1,0,visible,"Yeşil Güvenlik File 3x5 m, çevreye uyumlu görünüm isteyen projelerde koruma amacıyla tercih edilir. Teknik yapı: 4mm · 5×5 Renkli. Renk: Yeşil.","Yeşil Güvenlik File 3x5 m, çevreye uyumlu görünüm isteyen projelerde koruma amacıyla tercih edilir.

Ürün Özellikleri
• Ölçü: 3x5 m
• Teknik yapı: 4mm · 5×5 Renkli
• Renk: Yeşil
• Hazır kesim ürün
• Kullanıma uygun alanlar: balkon, pencere, teras, merdiven boşluğu gibi koruma gereken bölgeler

Kullanım Alanları
• bahçe bölme
• çevre koruması
• alan ayırma

Fiyat Bilgisi
• Alan: 15.00 m²
• Birim fiyat: 105.00 TL/m²
• Ürün fiyatı: 1575.00 TL
",taxable,1,500,1575.00,File Ürünleri > Yeşil Güvenlik File,"yeşil güvenlik file, 3x5 m, yeşil güvenlik file, yeşil, güvenlik ağı, 4mm · 5×5 renkli",https://i.hizliresim.com/487ea0g.jpg,yeşil güvenlik file,Yeşil Güvenlik File 3x5 m | Güvenlik Ağı,"Yeşil Güvenlik File 3x5 m ürün, çevreye uyumlu görünüm isteyen projelerde koruma amacıyla tercih edilir. 4mm · 5×5 Renkli teknik yapısı ve hazır ölçü seçeneği","yeşil güvenlik file, 3x5 m, güvenlik ağı, yeşil, hazır ölçü file",Ölçü,3x5 m,1,0,Teknik Özellik,4mm · 5×5 Renkli,1,0,Renk,Yeşil,1,0
simple,YES-OZEL,Yeşil Güvenlik File Özel Ölçü,yesil-guvenlik-file-ozel-olcu,1,0,visible,Yeşil Güvenlik File özel ölçü sipariş ürünü. 1 m² baz fiyat 105.00 TL. Teknik yapı: 4mm · 5×5 Renkli. Renk: Yeşil.,"Yeşil Güvenlik File özel ölçü sipariş ürünü, çevreye uyumlu görünüm isteyen projelerde koruma amacıyla tercih edilir.

Ürün Özellikleri
• Ölçü: Özel ölçü
• Teknik yapı: 4mm · 5×5 Renkli
• Renk: Yeşil
• 1 m² baz fiyat ile listelenmiştir
• İhtiyaca göre en ve boy bilgisiyle siparişe uygundur

Kullanım Alanları
• bahçe bölme
• çevre koruması
• alan ayırma

Fiyat Bilgisi
• 1 m² baz fiyat: 105.00 TL
• Toplam fiyat: genişlik × yükseklik × birim fiyat
",taxable,1,500,105.00,File Ürünleri > Yeşil Güvenlik File,"yeşil güvenlik file, özel ölçü, yeşil güvenlik file, yeşil, güvenlik ağı",https://i.hizliresim.com/487ea0g.jpg,yeşil güvenlik file özel ölçü,Yeşil Güvenlik File Özel Ölçü | m² Baz Fiyat,"Yeşil Güvenlik File özel ölçü sipariş ürünü. 1 m² baz fiyat, 4mm · 5×5 Renkli teknik yapı ve ihtiyaca göre en-boy seçeneği ile hazırlanır.","yeşil güvenlik file, özel ölçü file, m2 baz fiyat, yeşil",Ölçü,Özel ölçü,1,0,Teknik Özellik,4mm · 5×5 Renkli,1,0,Renk,Yeşil,1,0
simple,SIY-200x200,Siyah Güvenlik File 2x2 m,siyah-guvenlik-file-2x2,1,0,visible,"Siyah Güvenlik File 2x2 m, daha sade görünüm isteyen alanlarda kullanılan dayanıklı güvenlik ağıdır. Teknik yapı: 3mm · 4×4 Siyah. Renk: Siyah.","Siyah Güvenlik File 2x2 m, daha sade görünüm isteyen alanlarda kullanılan dayanıklı güvenlik ağıdır.

Ürün Özellikleri
• Ölçü: 2x2 m
• Teknik yapı: 3mm · 4×4 Siyah
• Renk: Siyah
• Hazır kesim ürün
• Kullanıma uygun alanlar: balkon, pencere, teras, merdiven boşluğu gibi koruma gereken bölgeler

Kullanım Alanları
• balkon koruması
• görsel olarak daha sade uygulama
• teras güvenliği

Fiyat Bilgisi
• Alan: 4.00 m²
• Birim fiyat: 75.00 TL/m²
• Ürün fiyatı: 300.00 TL
",taxable,1,500,300.00,File Ürünleri > Siyah Güvenlik File,"siyah güvenlik file, 2x2 m, siyah güvenlik file, siyah, güvenlik ağı, 3mm · 4×4 siyah",https://i.hizliresim.com/d1cqyml.jpg,siyah güvenlik file,Siyah Güvenlik File 2x2 m | Güvenlik Ağı,"Siyah Güvenlik File 2x2 m ürün, daha sade görünüm isteyen alanlarda kullanılan dayanıklı güvenlik ağıdır. 3mm · 4×4 Siyah teknik yapısı ve hazır ölçü seçeneği","siyah güvenlik file, 2x2 m, güvenlik ağı, siyah, hazır ölçü file",Ölçü,2x2 m,1,0,Teknik Özellik,3mm · 4×4 Siyah,1,0,Renk,Siyah,1,0
simple,SIY-200x300,Siyah Güvenlik File 2x3 m,siyah-guvenlik-file-2x3,1,0,visible,"Siyah Güvenlik File 2x3 m, daha sade görünüm isteyen alanlarda kullanılan dayanıklı güvenlik ağıdır. Teknik yapı: 3mm · 4×4 Siyah. Renk: Siyah.","Siyah Güvenlik File 2x3 m, daha sade görünüm isteyen alanlarda kullanılan dayanıklı güvenlik ağıdır.

Ürün Özellikleri
• Ölçü: 2x3 m
• Teknik yapı: 3mm · 4×4 Siyah
• Renk: Siyah
• Hazır kesim ürün
• Kullanıma uygun alanlar: balkon, pencere, teras, merdiven boşluğu gibi koruma gereken bölgeler

Kullanım Alanları
• balkon koruması
• görsel olarak daha sade uygulama
• teras güvenliği

Fiyat Bilgisi
• Alan: 6.00 m²
• Birim fiyat: 75.00 TL/m²
• Ürün fiyatı: 450.00 TL
",taxable,1,500,450.00,File Ürünleri > Siyah Güvenlik File,"siyah güvenlik file, 2x3 m, siyah güvenlik file, siyah, güvenlik ağı, 3mm · 4×4 siyah",https://i.hizliresim.com/d1cqyml.jpg,siyah güvenlik file,Siyah Güvenlik File 2x3 m | Güvenlik Ağı,"Siyah Güvenlik File 2x3 m ürün, daha sade görünüm isteyen alanlarda kullanılan dayanıklı güvenlik ağıdır. 3mm · 4×4 Siyah teknik yapısı ve hazır ölçü seçeneği","siyah güvenlik file, 2x3 m, güvenlik ağı, siyah, hazır ölçü file",Ölçü,2x3 m,1,0,Teknik Özellik,3mm · 4×4 Siyah,1,0,Renk,Siyah,1,0
simple,SIY-200x400,Siyah Güvenlik File 2x4 m,siyah-guvenlik-file-2x4,1,0,visible,"Siyah Güvenlik File 2x4 m, daha sade görünüm isteyen alanlarda kullanılan dayanıklı güvenlik ağıdır. Teknik yapı: 3mm · 4×4 Siyah. Renk: Siyah.","Siyah Güvenlik File 2x4 m, daha sade görünüm isteyen alanlarda kullanılan dayanıklı güvenlik ağıdır.

Ürün Özellikleri
• Ölçü: 2x4 m
• Teknik yapı: 3mm · 4×4 Siyah
• Renk: Siyah
• Hazır kesim ürün
• Kullanıma uygun alanlar: balkon, pencere, teras, merdiven boşluğu gibi koruma gereken bölgeler

Kullanım Alanları
• balkon koruması
• görsel olarak daha sade uygulama
• teras güvenliği

Fiyat Bilgisi
• Alan: 8.00 m²
• Birim fiyat: 75.00 TL/m²
• Ürün fiyatı: 600.00 TL
",taxable,1,500,600.00,File Ürünleri > Siyah Güvenlik File,"siyah güvenlik file, 2x4 m, siyah güvenlik file, siyah, güvenlik ağı, 3mm · 4×4 siyah",https://i.hizliresim.com/d1cqyml.jpg,siyah güvenlik file,Siyah Güvenlik File 2x4 m | Güvenlik Ağı,"Siyah Güvenlik File 2x4 m ürün, daha sade görünüm isteyen alanlarda kullanılan dayanıklı güvenlik ağıdır. 3mm · 4×4 Siyah teknik yapısı ve hazır ölçü seçeneği","siyah güvenlik file, 2x4 m, güvenlik ağı, siyah, hazır ölçü file",Ölçü,2x4 m,1,0,Teknik Özellik,3mm · 4×4 Siyah,1,0,Renk,Siyah,1,0
simple,SIY-200x500,Siyah Güvenlik File 2x5 m,siyah-guvenlik-file-2x5,1,0,visible,"Siyah Güvenlik File 2x5 m, daha sade görünüm isteyen alanlarda kullanılan dayanıklı güvenlik ağıdır. Teknik yapı: 3mm · 4×4 Siyah. Renk: Siyah.","Siyah Güvenlik File 2x5 m, daha sade görünüm isteyen alanlarda kullanılan dayanıklı güvenlik ağıdır.

Ürün Özellikleri
• Ölçü: 2x5 m
• Teknik yapı: 3mm · 4×4 Siyah
• Renk: Siyah
• Hazır kesim ürün
• Kullanıma uygun alanlar: balkon, pencere, teras, merdiven boşluğu gibi koruma gereken bölgeler

Kullanım Alanları
• balkon koruması
• görsel olarak daha sade uygulama
• teras güvenliği

Fiyat Bilgisi
• Alan: 10.00 m²
• Birim fiyat: 75.00 TL/m²
• Ürün fiyatı: 750.00 TL
",taxable,1,500,750.00,File Ürünleri > Siyah Güvenlik File,"siyah güvenlik file, 2x5 m, siyah güvenlik file, siyah, güvenlik ağı, 3mm · 4×4 siyah",https://i.hizliresim.com/d1cqyml.jpg,siyah güvenlik file,Siyah Güvenlik File 2x5 m | Güvenlik Ağı,"Siyah Güvenlik File 2x5 m ürün, daha sade görünüm isteyen alanlarda kullanılan dayanıklı güvenlik ağıdır. 3mm · 4×4 Siyah teknik yapısı ve hazır ölçü seçeneği","siyah güvenlik file, 2x5 m, güvenlik ağı, siyah, hazır ölçü file",Ölçü,2x5 m,1,0,Teknik Özellik,3mm · 4×4 Siyah,1,0,Renk,Siyah,1,0
simple,SIY-300x500,Siyah Güvenlik File 3x5 m,siyah-guvenlik-file-3x5,1,0,visible,"Siyah Güvenlik File 3x5 m, daha sade görünüm isteyen alanlarda kullanılan dayanıklı güvenlik ağıdır. Teknik yapı: 3mm · 4×4 Siyah. Renk: Siyah.","Siyah Güvenlik File 3x5 m, daha sade görünüm isteyen alanlarda kullanılan dayanıklı güvenlik ağıdır.

Ürün Özellikleri
• Ölçü: 3x5 m
• Teknik yapı: 3mm · 4×4 Siyah
• Renk: Siyah
• Hazır kesim ürün
• Kullanıma uygun alanlar: balkon, pencere, teras, merdiven boşluğu gibi koruma gereken bölgeler

Kullanım Alanları
• balkon koruması
• görsel olarak daha sade uygulama
• teras güvenliği

Fiyat Bilgisi
• Alan: 15.00 m²
• Birim fiyat: 75.00 TL/m²
• Ürün fiyatı: 1125.00 TL
",taxable,1,500,1125.00,File Ürünleri > Siyah Güvenlik File,"siyah güvenlik file, 3x5 m, siyah güvenlik file, siyah, güvenlik ağı, 3mm · 4×4 siyah",https://i.hizliresim.com/d1cqyml.jpg,siyah güvenlik file,Siyah Güvenlik File 3x5 m | Güvenlik Ağı,"Siyah Güvenlik File 3x5 m ürün, daha sade görünüm isteyen alanlarda kullanılan dayanıklı güvenlik ağıdır. 3mm · 4×4 Siyah teknik yapısı ve hazır ölçü seçeneği","siyah güvenlik file, 3x5 m, güvenlik ağı, siyah, hazır ölçü file",Ölçü,3x5 m,1,0,Teknik Özellik,3mm · 4×4 Siyah,1,0,Renk,Siyah,1,0
simple,SIY-OZEL,Siyah Güvenlik File Özel Ölçü,siyah-guvenlik-file-ozel-olcu,1,0,visible,Siyah Güvenlik File özel ölçü sipariş ürünü. 1 m² baz fiyat 75.00 TL. Teknik yapı: 3mm · 4×4 Siyah. Renk: Siyah.,"Siyah Güvenlik File özel ölçü sipariş ürünü, daha sade görünüm isteyen alanlarda kullanılan dayanıklı güvenlik ağıdır.

Ürün Özellikleri
• Ölçü: Özel ölçü
• Teknik yapı: 3mm · 4×4 Siyah
• Renk: Siyah
• 1 m² baz fiyat ile listelenmiştir
• İhtiyaca göre en ve boy bilgisiyle siparişe uygundur

Kullanım Alanları
• balkon koruması
• görsel olarak daha sade uygulama
• teras güvenliği

Fiyat Bilgisi
• 1 m² baz fiyat: 75.00 TL
• Toplam fiyat: genişlik × yükseklik × birim fiyat
",taxable,1,500,75.00,File Ürünleri > Siyah Güvenlik File,"siyah güvenlik file, özel ölçü, siyah güvenlik file, siyah, güvenlik ağı",https://i.hizliresim.com/d1cqyml.jpg,siyah güvenlik file özel ölçü,Siyah Güvenlik File Özel Ölçü | m² Baz Fiyat,"Siyah Güvenlik File özel ölçü sipariş ürünü. 1 m² baz fiyat, 3mm · 4×4 Siyah teknik yapı ve ihtiyaca göre en-boy seçeneği ile hazırlanır.","siyah güvenlik file, özel ölçü file, m2 baz fiyat, siyah",Ölçü,Özel ölçü,1,0,Teknik Özellik,3mm · 4×4 Siyah,1,0,Renk,Siyah,1,0
